COUNTRY,ISO3,HAZARD & EXPOSURE,Development & Deprivation,Inequality,Aid Dependency,Socio-Economic Vulnerability,Uprooted people,Health Conditions,Food Security,GBV,Vulnerable Groups,VULNERABILITY (Hazard-independent),Movements,Behaviour,Demographic and co-morbidity,COVID-19 VULNERABILITY,VULNERABILITY,Governance,Institutional,Access to health care,physical Infrastructure,LACK OF COPING CAPACITY (Hazard-independent),COVID-19 LACK OF COPING CAPACITY,LACK OF COPING CAPACITY,INFORM COVID-19 RISK,COVID-19 RISK CLASS,Rank,Human,Children U5,Sanitation,Drinking water,Hygiene,WaSH,Population density,Urban population growth,Population living in urban areas,Population living in slums (% of urban population),Household size,Population,P2P,Covid-19 Hazard & Exposure,Corruption Perception Index,Government Effectiveness,Governance,INFORM Institutional,Physicians Density,Hospital bed,Health system capacity,Coverage of DTP3 vaccine,Coverage of measles-containing vaccine,Coverage of pneumococcal conjugate vaccine,Immunization coverage,Per capita public and private expenditure on health care,Maternal Mortality Ratio,Access to health care Index,INFORM Infrastructure,IHR,Operational readiness index,Health capacity specific to Covid-19,Covid-19 Lack of coping capacity,Infrastructure,Human Development Index,Multidimensional Poverty Index,Gender Inequality Index,Gini Index,Inequality,Total public Aid (M US$),Public Aid per capita (US$),Public Aid per capita (US$),Net ODA received (% of GNI),Volume of remittances,Economic Dependency Index,INFORM Socio-Economic Vulnerability,"Total Uprooted people (1,000 people)",Uprooted people (total population),Total/Pop,Total Uprooted people (percentage of the total population),Uprooted people,Estimated number of people living with HIV - Adult (>15) rate,"Number of new HIV infections per 1,000 uninfected population",HIV,Incidence of Tuberculosis,"Malaria incidence per 1,000 population at risk",People requiring interventions against neglected tropical diseases (% of total population),People requiring interventions against neglected tropical diseases,Health Conditions,Food Availability Score,Food Utilization Score,Proportion of ever-partnered women and girls subjected to physical and/or sexual violence,Attitudes towards violence,GBV,INFORM Vulnerable Groups,International tourism(number of arrivals),International tourism(number of arrivals),Air transport(passengers carried),Point of entry,International movements,Access to Cities,Road density,Road density,Internal movements,Movements,Adult literacy rate,Mobile cellular subscriptions,Internet users,Awareness,Trust,Demographic and Co-morbidities,Covid-19 Vulnerability
Afghanistan,AFG,6.4,8.6,7.7,6.8,7.9,9.7,2.1,7.8,10,8.5,8.2,2.2,8.4,1.6,3.5,6.4,8.2,8.2,8.3,8.3,8.3,7,7.7,6.8,Very High,5,8.1,14.823,6.3,5.5,6.2,6,5.9,6.7,2.5,7.9,10,6.6,6.4,6.4,8.4,7.9,8.2,8.2,9.3,9.5,9.4,5.8,10,5.8,7.2,9.6,7.1,8.3,8.3,6.5,7.5,7,7,8.3,8.1,9,7.7,,7.7,17345.32356,455.9548488,9.1,10,1.4,6.8,7.9,3082.12,10,0.081019391,9.4,9.7,0.2,,0.2,3.4,0.6,0.35612648,4,2.1,7.2,8.3,10,10,10,8.5,5.6,,5.6,0,2.8,1.9,11.03905064,1,1.5,2.2,9,7.2,8.9,8.4,,1.6,3.5
Albania,ALB,3.6,1.9,2.1,2.3,2.1,0.9,0.2,1.8,3.7,1.7,1.9,5.4,4.7,6.4,5.7,4.1,5.7,5.7,3.7,3.7,4.8,5,4.9,4.2,Medium,88,2.2,5.868,0.3,1.5,,0.9,6.7,2.6,6,,4.6,5,3.6,3.6,6.5,4.8,5.7,5.7,7,6.5,6.75,0,0.2,0,0.066666667,7.6,0.2,3.7,3.7,,5,5,5,3.7,2.2,1.6,3.1,1,2.1,323.02396,112.1255519,2.2,1.5,3.2,2.3,2.1,0.293,0,0.000101704,1.8,0.9,0.2,0.2,0.2,0.4,,2.08E-06,0,0.2,3.1,0.4,,3.7,3.7,1.7,3.7,6.7,3.7,,5.2,4.3,69.34306569,6.9,5.6,5.4,0.4,5.4,3.4,3.1,6.2,6.4,5.7
Algeria,DZA,4.3,3.1,3.3,0.3,2.5,5.4,0.4,0.3,5.9,3.4,3,4.5,5.8,3.2,4.2,3.6,6.2,6.2,4,4,5.2,2.25,3.9,3.9,Medium,104,2.8,11.671,1.4,1.1,1.6,1.4,4.2,5.6,7.3,,,5.7,4.3,4.3,6.5,5.9,6.2,6.2,5.4,7.7,6.55,1.4,1.2,1.7,1.433333333,6.8,1.2,4,4,2,2.5,2.25,2.25,4,2.8,3.4,5.9,0.7,3.3,820.95454,19.06843914,0.4,0.1,0.3,0.3,2.5,103.276,6.7,0.002398808,4,5.4,0.2,0.2,0.2,1.3,0,0.000305205,0,0.4,0.5,0,,5.9,5.9,3.4,7,6,7,4,5.7,6,4.618472209,0.4,3.2,4.5,3.7,4.5,5.7,4.6,7,3.2,4.2
Angola,AGO,6.5,8.1,6.1,0.1,5.6,4.8,5,6.3,4.35,5.2,5.4,3.7,8.1,0,3,4.3,7.3,7.3,7.4,7.4,7.4,4.55,6.2,5.6,High,37,6.5,17.817,5.6,7.4,7.3,6.8,4.6,8.6,6.6,5.4,7,6.4,6.5,6.5,7.4,7.1,7.3,7.3,9.5,9.1,9.3,8,10,6.8,8.266666667,9.5,2.7,7.4,7.4,4.1,5,4.55,4.55,7.4,6.5,9.1,7.7,4.4,6.1,361.34419,11.35399199,0.2,0.1,0,0.1,5.6,56.048,5.8,0.001761115,3.7,4.8,3.8,5.5,4.65,6.5,3.9,0.46315081,5.1,5,5.9,6.7,5.7,3,4.35,5.2,5.5,3.5,5.5,4,4.3,5.6,4.090799711,0.3,3,3.7,6.2,8,8.7,7.6,8.6,0,3
Antigua and Barbuda,ATG,2.8,2.5,,3.7,2.9,0,0,5.8,,2.4,2.7,5.4,1.1,4.8,4,3.4,5,5,3.7,3.7,4.4,5.4,4.9,3.6,Medium,131,2.5,7.599,1.4,0.5,,1,7.8,0.9,2.5,,,3.7,2.8,2.8,,5,5,5,3.1,5.3,4.2,0.7,5.3,,3,6.9,0.5,3.7,3.7,5.8,5,5.4,5.4,3.7,2.5,,,,,56.7288,584.140452,10,0.7,0.5,3.7,2.9,0.003,0,3.09E-05,0,0,,,,0,,0.001657828,0,0,7.2,4.4,,,,2.4,4.4,3.5,4.4,2,3.3,4.7,222.7272727,10,7.4,5.4,0.2,0.4,2.7,1.1,,4.8,4
Argentina,ARG,2.8,1.4,4.4,0,1.8,2.8,0.3,1.1,1.4,1.4,1.6,5,5.4,4,4.6,3.2,5.2,5.2,2.5,2.5,4,4.3,4.2,3.4,Low,139,1.4,8.356,0.6,0.2,,0.4,4,2.3,9.2,1.6,3.1,4,2.8,2.8,5.5,4.9,5.2,5.2,0.1,3.8,1.95,2.2,1.7,3.9,2.6,5,0.4,2.5,2.5,3.6,5,4.3,4.3,2.5,1.4,,4.7,4.1,4.4,-0.57223,-0.012778503,0,0,0,0,1.8,9.617,3.3,0.000214758,2.2,2.8,0.8,0.9,0.85,0.5,0,2.51E-05,0,0.3,2.1,0,,1.4,1.4,1.4,8.1,7.1,8.1,4,6.4,5.3,19.00105602,1.8,3.6,5,0.2,3.5,2.9,2.2,8.5,4,4.6
Armenia,ARM,2.7,1.5,2.8,2.2,2,4.6,0.3,2,0.85,2.1,2.1,6.2,4.5,6.8,6.1,4.4,5.4,5.4,3,3,4.3,3.35,3.8,3.6,Medium,131,2.8,7.045,0.7,0,0.6,0.4,6.7,0.6,6.3,1,5,3.9,2.7,2.7,5.8,5,5.4,5.4,2.8,4.8,3.8,0.8,0.3,0.8,0.633333333,7.2,0.3,3,3,1.7,5,3.35,3.35,3,2.8,0,3.4,2.2,2.8,274.45963,92.79407369,1.9,0.7,4,2.2,2,18.085,4.2,0.006114491,5,4.6,0.4,0.3,0.35,0.7,0,0.013236173,0.1,0.3,4,0,0.6,1.1,0.85,2.1,,5.4,,8,6.7,4.3,70.2247191,7,5.7,6.2,0.1,4,3.6,2.6,6.3,6.8,6.1
Australia,AUS,2.5,0,2.1,0,0.5,5.8,0.1,1.2,0.3,2.2,1.4,5.6,3.4,5.6,5.1,3.5,2.1,2.1,1,1,1.6,0.5,1.1,2.1,Low,183,0,6.566,0,0,,0,1.7,3.4,8.6,,1.3,3.8,2.5,2.5,2.3,1.8,2.1,2.1,1,5.3,3.15,0.7,1,0.8,0.833333333,0,0.1,1,1,1,0,0.5,0.5,1,0,,1.4,2.7,2.1,-20.31674,-0.806117477,0,,0,0,0.5,117.578,6.9,0.004665201,4.7,5.8,0.2,0.3,0.25,0.1,,0.00079843,0,0.1,2.4,0,,0.3,0.3,2.2,9.7,7.4,9.7,10,9,3.5,10.02303998,0.9,2.2,5.6,,4.4,1.3,2.9,3.9,5.6,5.1
Austria,AUT,2.5,0,1.2,0.1,0.3,7,0.1,0.2,0.5,2.6,1.5,6.7,3.7,8.4,6.8,4.7,2.2,2.2,0.6,0.6,1.4,3.3,2.4,3,Low,161,0,4.939,0,0,,0,6.8,1.8,5.8,,0.7,3.8,2.5,2.5,2.3,2.1,2.2,2.2,0,0.4,0.2,1.5,2.5,,2,0,0.1,0.6,0.6,4.1,2.5,3.3,3.3,0.6,0,,1,1.4,1.2,0,0,0,,0.2,0.1,0.3,166.133,7.4,0.018551758,6.6,7,,0.2,0.2,0.1,,1.51E-05,0,0.1,0.3,0,0.7,0.3,0.5,2.6,7.8,8.7,7.8,0,5.5,5.8,351.9033115,10,7.9,6.7,,3.9,1.2,2.6,4.8,8.4,6.8
Azerbaijan,AZE,4.1,2.9,2.4,0.5,2.2,8.1,0.8,1.3,2.7,4,3.2,5.2,3.1,4.4,4.3,3.8,6.1,6.1,2.4,2.4,4.5,3.35,3.9,3.9,Medium,104,2.9,8.443,0.8,1.4,1.7,1.3,6.9,3,5.6,,6.4,5.5,4.1,4.1,7,5.2,6.1,6.1,1.4,4.2,2.8,0.7,0.3,0.5,0.5,6.1,0.3,2.4,2.4,1.7,5,3.35,3.35,2.4,2.9,,4.3,0.4,2.4,182.38892,18.15227118,0.4,0.1,0.9,0.5,2.2,345.34,8.5,0.03436999,7.6,8.1,0.2,0.4,0.3,1.2,0,0.164725148,1.8,0.8,2.5,0,2,3.4,2.7,4,5.9,6,5.9,6,6,5.5,31.4549106,3.1,4.3,5.2,0,4.9,2.1,2.3,3.9,4.4,4.3
Bahamas,BHS,3.4,1.9,4.7,10,4.6,0.9,1.6,4.6,,2.5,3.6,4.5,3.6,4.4,4.2,3.9,3.8,3.8,3.5,3.5,3.7,5,4.4,3.9,Medium,104,1.9,6.845,0.6,0.2,,0.4,5.3,2.3,8.3,,3.5,4.9,3.4,3.4,3.6,3.9,3.8,3.8,5.2,6.5,5.85,0.8,3.9,1,1.9,5.3,0.8,3.5,3.5,5,5,5,5,3.5,1.9,,4.7,,4.7,341.49192,876.7758533,10,,,10,4.6,0.042,0,0.000107834,1.8,0.9,6.6,2.2,4.4,0.3,,0.010115896,0.1,1.6,4.8,4.4,,,,2.5,5.2,5.4,5.2,4,4.9,3.5,47.95204795,4.7,4.1,4.5,,5.2,2,3.6,,4.4,4.2
Bahrain,BHR,6.4,1.2,2.8,0,1.3,1.1,0.1,1.7,,1,1.2,8.6,2.8,2.8,4.3,2.9,5.2,5.2,3,3,4.2,1.85,3.1,3.9,Medium,104,1.2,6.6,0,0,,0,10,10,8.9,,,9.6,6.4,6.4,5.8,4.6,5.2,5.2,7.7,7.6,7.65,0.3,0,0.3,0.2,3.8,0.2,3,3,1.2,2.5,1.85,1.85,3,1.2,,2.8,,2.8,0,0,0,,,0,1.3,0.319,0,0.000194374,2.1,1.1,0.2,0.2,0.2,0.2,,1.22E-06,0,0.1,2.7,0.7,,,,1,6.9,7.6,6.9,10,8.2,8,447.3684211,10,9,8.6,0.6,3.4,0.4,1.5,4.1,2.8,4.3
Bangladesh,BGD,5.7,7.4,4.5,1.8,5.3,7.7,2,4.3,4.85,5.1,5.2,6.1,7,1.2,3.9,4.6,7,7,5.3,5.3,6.2,4.6,5.5,5.2,High,48,5.7,8.843,5.8,0.5,6.5,4.3,10,6.4,3.7,5.5,6.2,6.4,5.7,5.7,7.4,6.5,7,7,8.7,9.2,8.95,0.3,0.5,0.3,0.366666667,9.9,1.9,5.3,5.3,4.2,5,4.6,4.6,5.3,5.7,8.5,7.1,1.9,4.5,22567.42195,138.4112337,2.8,0.7,1.9,1.8,5.3,1285.216,10,0.007882528,5.3,7.7,0.2,0.1,0.15,4,0,0.345542572,3.8,2,5.3,3.2,6.3,3.4,4.85,5.1,6.9,,6.9,6,6.5,9.3,18.43742798,1.8,5.6,6.1,5,5.1,8.2,6.1,7.9,1.2,3.9
Barbados,BRB,3,2.6,3.4,1.1,2.4,0,1.1,2,,1.1,1.8,7.3,4.2,8,6.9,4.8,4,4,2.9,2.9,3.5,5,4.3,4,Medium,98,1.7,5.269,0.3,0.3,1.2,0.6,9.4,0.2,3.1,,,4.2,3,3,3.8,4.1,4,4,3.8,2.8,3.3,1.5,3.7,1.7,2.3,5.7,0.3,2.9,2.9,,5,5,5,2.9,1.7,3.4,3.4,,3.4,20.97531,73.07935656,1.5,,0.7,1.1,2.4,0.006,0,2.09E-05,0,0,2.6,3.8,3.2,0,,0.001386658,0,1.1,4,0,,,,1.1,,4.6,,,4.6,9.9,418.6046512,10,10,7.3,0.1,4.4,2,2.2,6.1,8,6.9
Belarus,BLR,2.9,1.7,0.9,0.4,1.2,1.8,0.6,1.2,0.4,1,1.1,7.1,2.2,8,6.3,4.2,5.6,5.6,1.6,1.6,3.9,5,4.5,3.8,Medium,112,1.7,5.886,0.2,0.6,,0.4,5.6,0.9,7.9,5,1.2,4.1,2.9,2.9,5.5,5.6,5.6,5.6,0,0,0,0.3,0.2,,0.25,6.3,0,1.6,1.6,,5,5,5,1.6,1.7,,1.6,0.1,0.9,140.45497,14.85917188,0.3,0.1,0.8,0.4,1.2,2.428,1.3,0.000256866,2.3,1.8,0.8,1.6,1.2,0.7,,0,0,0.6,2.3,0,,0.4,0.4,1,6.1,7.6,6.1,,6.9,4.6,98.56586664,9.9,7.3,7.1,0.1,4,2.6,2.2,,8,6.3
Belgium,BEL,3.4,0,0.7,0.4,0.3,5.4,0.1,0.2,0.85,2,1.2,7.9,4,8,7,4.7,2.6,2.6,0.8,0.8,1.7,1,1.4,2.8,Low,168,0,5.511,0.1,0,,0.1,8.6,0.9,9.8,,0.9,5.1,3.4,3.4,2.5,2.7,2.6,2.6,1.7,2.2,1.95,0.2,2.4,0.8,1.133333333,0,0.1,0.8,0.8,2,0,1,1,0.8,0,,0.6,0.7,0.7,-11.65501,-1.010025196,0,,0.8,0.4,0.3,61.718,6,0.005348493,4.8,5.4,,,,0.2,,1.04E-06,0,0.1,0.4,0,1.6,0.1,0.85,2,7.8,7.3,7.8,6,7,7.6,495.3764861,10,8.8,7.9,,5.1,1.2,3.2,4.7,8,7
Belize,BLZ,2.6,4.1,5.2,1.2,3.7,3.6,1.3,2.4,,2.5,3.1,3.8,7.2,2.4,4,3.6,6.2,6.2,4.6,4.6,5.5,5.85,5.7,3.8,Medium,112,3.6,10.074,1.3,0.3,1,0.9,4.1,4.4,4.6,0.6,,3.4,2.6,2.6,,6.2,6.2,6.2,7.2,8.5,7.85,1.9,1.9,,1.9,8.3,0.4,4.6,4.6,6.7,5,5.85,5.85,4.6,3.6,4.6,5.2,,5.2,12.05,30.86965321,0.6,1.3,1.6,1.2,3.7,3.342,1.7,0.008561525,5.4,3.6,3.6,5.2,4.4,0.7,0,0.017684084,0.2,1.3,4,0.8,,,,2.5,5.3,4.1,5.3,2,3.8,4.8,26.30425252,2.6,3.7,3.8,,5.9,5.5,5.7,8.7,2.4,4
Benin,BEN,7,8.7,7,1.8,6.6,1.3,4.5,2.4,4.4,3.3,5.2,2.9,7.9,0.4,2.9,4.1,6,6,6.8,6.8,6.4,7,6.7,5.8,High,27,7.6,15.882,9.3,5.6,8.9,7.9,6.7,7.8,4.7,6.6,7.4,6.6,7,7,5.9,6.1,6,6,9.6,9.5,9.55,2.9,,4.1,3.5,9.9,4.4,6.8,6.8,6.5,7.5,7,7,6.8,7.6,9.5,8.2,5.7,7,630.01228,53.38566382,1.1,3.7,0.6,1.8,6.6,1.494,0.6,0.000126598,1.9,1.3,2,2,2,1.1,9.2,0.500758019,5.6,4.5,3.1,1.7,,4.4,4.4,3.3,,3.6,,0,1.8,6.8,11.52891096,1.1,4,2.9,9,6,8.8,7.9,7.9,0.4,2.9
Bhutan,BTN,3.9,7.2,4.5,1.9,5.2,0,1.5,4.3,8.5,4.5,4.9,2.4,5,1.6,2.7,3.9,3.8,3.8,5,5,4.4,4.85,4.6,4.1,Medium,91,5.7,8.329,3.4,0.5,2,2,4.3,5.9,4.1,,,4.8,3.9,3.9,3.2,4.3,3.8,3.8,9.1,7.9,8.5,0.2,0,,0.1,9.2,2,5,5,4.7,5,4.85,4.85,5,5.7,8.3,5.8,3.1,4.5,70.07,91.82354992,1.8,3,0.8,1.9,5.2,0,0,0,0,0,0.2,,0.2,2.4,0,0.307309453,3.4,1.5,5.3,3.3,,8.5,8.5,4.5,3.6,3.5,3.6,4,3.7,1.8,4.16731781,0.3,1.1,2.4,6.1,5.5,5.8,5.8,4.1,1.6,2.7
Bolivia,BOL,4.6,5.9,5.4,1.2,4.6,0.9,1.1,5,3.9,2.9,3.8,4.6,6.7,2,3.8,3.8,6.3,6.3,5,5,5.7,7.5,6.7,4.9,Medium,61,3.9,10.311,4.4,1.2,7.5,4.4,3.4,3.8,6.9,5.5,3.8,4.7,4.6,4.6,6.9,5.6,6.3,6.3,6,8.7,7.35,2.5,,2.7,2.6,8.5,1.7,5,5,,7.5,7.5,7.5,5,3.9,7.3,5.9,4.8,5.4,626.59012,54.42409179,1.1,1.2,1.2,1.2,4.6,0.856,0,7.44E-05,1.7,0.9,0.6,0.8,0.7,2,0,0.154022782,1.7,1.1,6,4,5.9,1.9,3.9,2.9,6.5,5.1,6.5,10,7.2,2.9,8.7695006,0.8,1.9,4.6,1.6,5.1,6,4.2,9.2,2,3.8
Bosnia and Herzegovina,BIH,2.1,3,2.1,2.6,2.7,7.1,0.3,1.4,0.5,2.9,2.8,4.6,5.7,9.2,7.2,5.4,6.3,6.3,3.9,3.9,5.2,7.1,6.2,4.1,Medium,91,2.6,4.168,0.5,0.6,0.3,0.5,6,0,4.8,0.8,,2.9,2.1,2.1,6.4,6.2,6.3,6.3,5,5.7,5.35,4.1,3.2,,3.65,6.4,0.1,3.9,3.9,6.7,7.5,7.1,7.1,3.9,2.6,3.4,2.2,2,2.1,526.69072,159.5549952,3.2,1.2,3.5,2.6,2.7,105.239,6.7,0.031880964,7.5,7.1,,,,0.5,,0,0,0.3,2.7,0,,0.5,0.5,2.9,,4.9,,0,2.5,5.9,74.50980392,7.4,6.7,4.6,0.7,4.9,3.1,2.9,8.5,9.2,7.2
Botswana,BWA,3.9,3.4,6.7,0.5,3.5,2.2,4.2,7,,4.8,4.2,2.2,4.6,5.2,4.3,4.3,4.1,4.1,4.8,4.8,4.5,7.4,6.2,4.7,Medium,67,3.4,11.812,2.5,1.6,,2.1,2,6.6,6.9,,3.8,4.8,3.9,3.9,3.9,4.3,4.1,4.1,9.1,7.8,8.45,0.7,4.2,1.7,2.2,7,1.6,4.8,4.8,7.4,,7.4,7.4,4.8,3.4,,6.2,7.1,6.7,141.52,61.43153002,1.2,0.3,0.1,0.5,3.5,2.315,1.2,0.001004904,3.2,2.2,10,10,10,5.5,0,0.104682331,1.2,4.2,6.8,7.1,,,,4.8,3.5,,3.5,0,1.8,4.4,7.05803469,0.6,2.5,2.2,2.5,2.6,6.1,3.7,5.5,5.2,4.3
Brazil,BRA,3,3.7,6.1,0.1,3.4,5.2,0.7,1.3,1,2.3,2.9,4.6,6.5,3.2,4.4,3.7,6.2,6.2,3.9,3.9,5.2,1.9,3.7,3.5,Medium,136,2.8,6.905,1.3,0.3,,0.8,4.7,2.2,8.7,1.8,3.3,4.1,3,3,6.5,5.9,6.2,6.2,4.6,7.3,5.95,1.7,9.8,2.5,4.666666667,4.1,0.7,3.9,3.9,1.3,2.5,1.9,1.9,3.9,2.8,4.5,5.1,7.1,6.1,1241.0264,5.880261684,0.1,0,0.1,0.1,3.4,164.017,7.4,0.000777149,3,5.2,1.2,1.4,1.3,0.8,0.1,0.044592179,0.5,0.7,2.5,0,,1,1,2.3,10,7,10,6,7.7,1.8,10.63902726,1,1.4,4.6,1.4,5.2,3.9,3.5,9.5,3.2,4.4
Brunei Darussalam,BRN,3.9,1.1,3.1,0,1.3,0,0.4,1.9,,0.8,1.1,4.7,3.2,4,4,2.7,3.3,3.3,2.6,2.6,3,2.5,2.8,3.1,Low,156,1.1,7.536,0.4,0,,0.2,6.4,2.9,7.8,,,5.7,3.9,3.9,4,2.5,3.3,3.3,5.6,6.7,6.15,0,0.2,,0.1,4,0.3,2.6,2.6,,2.5,2.5,2.5,2.6,1.1,,3.1,,3.1,0,0,0,,,0,1.3,0,0,0,0,0,0,,0,1.2,,4.62E-06,0,0.4,3.7,0,,,,0.8,5.2,3.5,5.2,,4.4,7,28.4629981,2.8,4.9,4.7,0.6,3.5,1,1.7,4.6,4,4
Bulgaria,BGR,2.7,1.7,3,0.6,1.8,4.3,0.2,2.4,2,2.3,2.1,5.9,5.1,10,7.8,5.6,5.1,5.1,1.7,1.7,3.6,3.05,3.3,3.7,Medium,119,1.7,4.493,1.6,0.1,,0.9,6,0,7.5,,0.8,3.6,2.7,2.7,5.7,4.5,5.1,5.1,0,1.5,0.75,1.2,1.2,1.4,1.266666667,4.8,0.1,1.7,1.7,3.6,2.5,3.05,3.05,1.7,1.7,,2.9,3.1,3,0,0,0,,1.2,0.6,1.8,21.494,4.4,0.00307052,4.2,4.3,0.2,0.2,0.2,0.4,,3.11E-05,0,0.2,4.7,0,1.8,2.2,2,2.3,5,7.4,5,4,5.5,4.7,77.37656595,7.7,6.2,5.9,0.4,4.2,3.7,2.8,7.3,10,7.8
Burkina Faso,BFA,7.7,9.7,5.4,3.2,7,8.8,4,4.3,3.65,5.7,6.4,2.6,7.5,0,2.5,4.7,6.1,6.1,6.7,6.7,6.4,7.3,6.9,6.3,High,10,9.3,16.772,9,8.7,8.8,8.8,6.2,10,2.9,6.5,9.8,7.1,7.7,7.7,6,6.2,6.1,6.1,9.9,9.6,9.75,1.4,8.3,1.4,3.7,9.8,3.6,6.7,6.7,7.1,7.5,7.3,7.3,6.7,9.3,10,8.2,2.6,5.4,3163.38181,155.6676438,3.1,5.3,1.1,3.2,7,805.639,9.7,0.03964489,7.9,8.8,1.6,1.3,1.45,0.9,10,0.321398499,3.6,4,3.5,5,1.9,5.4,3.65,5.7,3,2.9,3,0,2,4.7,14.98538012,1.4,3.1,2.6,9.1,5.2,8.6,7.6,7.4,0,2.5
Burundi,BDI,6.8,9.6,5.2,4.8,7.3,6.8,3.5,8.8,7.6,7.1,7.2,4.1,6.9,0,2.8,5.4,8,8,7,7,7.5,7.6,7.6,6.5,Very High,8,9.5,17.507,6,6.5,9.4,7.3,8.8,10,1.3,5.4,7.1,6.5,6.8,6.8,8.1,7.8,8,8,9.9,9.1,9.5,1.4,4.1,1.4,2.3,10,6.1,7,7,7.7,7.5,7.6,7.6,7,9.5,9.6,6.9,3.4,5.2,2270.70702,196.9291754,3.9,9.9,0.5,4.8,7.3,160.714,7.4,0.013938071,6.1,6.8,2.2,1.6,1.9,2.1,4.9,0.463150977,5.1,3.5,7.5,10,6.1,9.1,7.6,7.1,,3.7,,0,1.9,10,23.36448598,2.3,6.2,4.1,5.9,7.4,9.5,7.6,6.1,0,2.8
Cabo Verde,CPV,4.7,5,5.3,4.1,4.9,0,1.7,3.7,1.5,1.8,3.5,4.3,4.7,2,3.3,3.4,4.3,4.3,4.7,4.7,4.5,6.45,5.6,4.5,Medium,76,5,9.561,2.9,2.2,,2.6,7.1,3.8,6.6,,,5.8,4.7,4.7,4.2,4.4,4.3,4.3,8.1,7.5,7.8,0.5,2.4,,1.45,9,0.6,4.7,4.7,5.4,7.5,6.45,6.45,4.7,5,,5,5.6,5.3,149.95,272.6680923,5.5,2.9,3.9,4.1,4.9,0,0,0,0,0,1.6,1.3,1.45,2.4,0.1,0.264688982,2.9,1.7,4.9,2.5,1.5,,1.5,1.8,2.9,4.6,2.9,4,3.8,3.6,59.55334988,5.9,4.8,4.3,2.7,4.5,4.3,3.8,5.6,2,3.3
Cambodia,KHM,4.9,7.5,6.3,1.9,5.8,0,2.7,4.7,4.25,3.1,4.6,4.3,5.9,2,3.6,4.1,7.1,7.1,6,6,6.6,5.2,5.9,4.9,Medium,61,6.4,10.799,4.5,3.6,3.4,3.8,6.5,6.5,2.3,5.3,6.5,5.4,4.9,4.9,8,6.1,7.1,7.1,9.6,9.1,9.35,1,6.4,2.9,3.433333333,9.4,1.8,6,6,5.4,5,5.2,5.2,6,6.4,8.3,6.3,,6.3,1229.02062,74.54690135,1.5,2.2,1.9,1.9,5.8,0,0,0,0,0,1.2,0.3,0.75,5.9,0.5,0.321413369,3.6,2.7,5.5,3.8,2.3,6.2,4.25,3.1,5.4,6.9,5.4,6,6.1,2.9,18.69476547,1.8,2.4,4.3,3.9,4.1,6.6,4.9,6.8,2,3.6
Cameroon,CMR,6.4,7.9,6.5,2.1,6.1,9,6.3,2.6,5.8,6.5,6.3,3.2,6.5,0,2.4,4.6,7.1,7.1,6.8,6.8,7,5.6,6.4,5.7,High,31,6.7,15.684,6.8,6.6,9.7,7.7,5.8,7.4,5.6,2.4,7.5,5.7,6.4,6.4,7.5,6.6,7.1,7.1,9.8,8.5,9.15,2.2,,2.5,2.35,9.6,5.9,6.8,6.8,6.2,5,5.6,5.6,6.8,6.7,8.8,7.6,5.4,6.5,5224.15141,201.8887494,4,2.1,0.3,2.1,6.1,1086.004,10,0.041968919,8,9,7.6,6.9,7.25,3.5,7.6,0.626908733,7,6.3,3.6,1.6,7.2,4.4,5.8,6.5,3.6,,3.6,2,2.8,6.3,7.827209071,0.7,3.5,3.2,4.5,6.5,7.7,6.2,6.8,0,2.4
Canada,CAN,2,0,1.7,0,0.4,6.2,0.1,0.6,0.9,2.4,1.5,5.7,3.4,6.8,5.7,3.9,2,2,1.9,1.9,2,0.05,1.1,2,Low,188,0,5.292,0.1,0.1,,0.1,2,3,8.1,0,1.2,2.9,2,2,2.3,1.6,2,2,3.5,6.7,5.1,1.4,2.2,3.2,2.266666667,0,0.1,1.9,1.9,0.1,0,0.05,0.05,1.9,0,,1.1,2.3,1.7,-6.88918,-0.184148325,0,,0,0,0.4,192.915,7.6,0.005156633,4.8,6.2,,,,0.1,,1.34E-07,0,0.1,1.2,0,,0.9,0.9,2.4,9.9,8.3,9.9,10,9.4,2.8,13.19622456,1.2,2,5.7,,5.7,0.9,3.3,3.4,6.8,5.7
Central African Republic,CAF,6.5,10,8.5,10,9.6,9.8,8.8,9.6,7.9,9.2,9.4,1.1,9.3,0.4,2.8,7.3,8,8,9.3,9.3,8.7,9.35,9.1,7.6,Very High,1,10,15.402,8.3,8.9,8.3,8.5,2.9,4.9,4.1,10,,5.5,6.5,6.5,7.5,8.4,8,8,9.8,8.9,9.35,8.8,,8.8,8.8,10,9.2,9.3,9.3,8.7,10,9.35,9.35,9.3,10,9.9,9.1,7.8,8.5,8044.1214,1695.219801,10,10,,10,9.6,684.466,9.5,0.144244506,10,9.8,8,10,9,7.7,9.7,0.793488085,8.8,8.8,9.2,10,5.8,10,7.9,9.2,,,,0,0,3.8,4.815563903,0.4,2.1,1.1,9.5,8.9,9.6,9.3,,0.4,2.8
Chad,TCD,7.7,10,7,7,8.5,8.6,3.6,8.5,6.5,7.2,7.9,2.7,8.4,0,2.8,5.9,8.1,8.1,9.8,9.8,9.1,7.3,8.3,7.2,Very High,4,10,18.008,10,10,9.4,9.8,3.6,7.8,2.3,9.7,9.4,6.6,7.7,7.7,8,8.1,8.1,8.1,9.9,9.6,9.75,9.8,,,9.8,9.8,10,9.8,9.8,7.1,7.5,7.3,7.3,9.8,10,10,9.3,4.6,7,6900.79294,432.7361888,8.7,5.3,,7,8.5,622.171,9.3,0.039015213,7.9,8.6,2.6,2.2,2.4,2.8,4.7,0.390205245,4.3,3.6,6.9,10,3.8,9.2,6.5,7.2,,2.3,,2,2.2,6.3,2.461880559,0.1,3.2,2.7,10,7.9,9.5,9.1,7.7,0,2.8
Chile,CHL,2.9,1.1,4.6,0,1.7,3.4,0.6,1.6,1.1,1.7,1.7,4.9,4.3,4.8,4.7,3.3,3.1,3.1,3,3,3.1,2.55,2.8,3,Low,161,1.1,6.242,0,0,,0,4.7,3,8.8,1,,4.4,2.9,2.9,3.3,2.8,3.1,3.1,7.3,7.3,7.3,1,1.5,1,1.166666667,3.4,0.1,3,3,2.6,2.5,2.55,2.55,3,1.1,,3.8,5.4,4.6,66.29675,3.498133578,0.1,0,0,0,1.7,14.045,3.8,0.000741081,3,3.4,1,2.1,1.55,0.3,,7.91E-07,0,0.6,3.2,0,,1.1,1.1,1.7,8.2,7,8.2,4,6.4,4.7,20.17398041,1.9,3.3,4.9,0.8,3.4,1.8,2,6.6,4.8,4.7
China,CHN,4,3.7,2.8,0,2.6,5.3,0.4,1.8,4.1,3.1,2.9,5.9,3.7,5.6,5.2,4.1,5,5,3.3,3.3,4.2,0.3,2.5,3.4,Low,139,2.8,5.931,1.7,1.2,,1.5,7.2,5,5.9,2.8,,5.2,4,4,5.9,4,5,5,5.5,4.8,5.15,0,0,,0,7.6,0.3,3.3,3.3,0.6,0,0.3,0.3,3.3,2.8,4.5,2.2,3.4,2.8,-820.9995,-0.572610433,0,0,0.1,0,2.6,322.359,8.4,0.000224831,2.2,5.3,0.2,,0.2,1.1,0,0.018396308,0.2,0.4,2.4,1.2,,4.1,4.1,3.1,10,9.5,10,10,9.8,3,10.72099794,1,2,5.9,0.7,4.3,4.6,3.2,4.2,5.6,5.2
Colombia,COL,3.8,3.9,5.9,1.3,3.8,10,0.6,1.2,2.65,5.5,4.7,4.4,5.8,3.2,4.2,4.5,5.8,5.8,4.1,4.1,5,4.2,4.6,4.3,Medium,80,2.8,7.41,1.2,0.4,3.5,1.7,5.5,3.9,8.1,3.1,3.8,4.9,3.8,3.8,6.3,5.2,5.8,5.8,4.8,8.2,6.5,1.2,1.7,1.4,1.433333333,7.4,0.9,4.1,4.1,3.4,5,4.2,4.2,4.1,2.8,4.8,5.5,6.2,5.9,7036.55216,139.7820822,2.8,0.4,0.6,1.3,3.8,5788.087,10,0.114981149,10,10,0.8,,0.8,0.6,0.2,0.067362863,0.7,0.6,2.4,0,4,1.3,2.65,5.5,8.8,6.5,8.8,8,7.8,0.8,10.81568274,1,0.9,4.4,1.1,3.6,3.8,2.8,8.8,3.2,4.2
Comoros,COM,6.6,7.9,5.1,3.9,6.2,0,2.7,7.3,0.9,3.3,4.9,2.7,7.9,0,2.7,3.9,7.9,7.9,5.7,5.7,6.9,9.05,8.2,6,High,19,7.2,14.396,7.1,3.3,8.4,6.3,8.8,5.7,2.9,7.7,8.4,6.7,6.6,6.6,7.5,8.3,7.9,7.9,9.6,7.4,8.5,1.4,,,1.4,9.8,3,5.7,5.7,8.1,10,9.05,9.05,5.7,7.2,8.4,,5.1,5.1,99.70751,117.1801206,2.3,4.9,4.6,3.9,6.2,0,0,0,0,0,0.2,0.1,0.15,0.6,0.1,0.973271547,10,2.7,6,8.6,0.9,,0.9,3.3,,1.1,,0,0.6,5.8,37.07684041,3.6,4.7,2.7,7.2,7.2,9.2,7.9,,0,2.7
Congo,COG,5.9,6.8,6.9,1,5.4,7.4,5.7,9,6.7,7.4,6.5,2.7,6.2,0.8,2.6,4.8,7.8,7.8,6.9,6.9,7.4,5.15,6.4,5.7,High,31,5.8,15.109,8.9,4.5,5.2,6.2,4,6.5,6.7,5.3,5.8,5.7,5.9,5.9,8.1,7.4,7.8,7.8,9.7,8.1,8.9,5.1,,5.6,5.35,9.3,4.2,6.9,6.9,5.3,5,5.15,5.15,6.9,5.8,7.6,7.7,6,6.9,537.18106,99.83842778,2,1,0,1,5.4,160.607,7.4,0.029849806,7.4,7.4,6.2,8.3,7.25,6.8,4.9,0.331602207,3.7,5.7,7.9,10,,6.7,6.7,7.4,3.8,3.3,3.8,4,3.7,3.1,1.727672035,0.1,1.6,2.7,3.9,5.4,9.2,6.2,,0.8,2.6
Congo DR,COD,7.9,9.2,6.5,1.9,6.7,9,5.5,9.2,8.75,8.4,7.7,2.8,7.5,0,2.6,5.7,8.2,8.2,7,7,7.7,5.8,6.9,6.8,Very High,5,8.8,17.862,8.8,9.5,9.6,9.3,5.2,9.1,4.4,8.8,8.3,7.2,7.9,7.9,8.2,8.1,8.2,8.2,9.8,9.1,9.45,3.1,,3.4,3.25,10,5.3,7,7,6.6,5,5.8,5.8,7,8.8,9.6,8.7,4.3,6.5,2553.91,29.42612382,0.6,3.7,1.3,1.9,6.7,3618.886,10,0.041696766,8,9,1.4,0.8,1.1,5.9,7.7,0.640203588,7.1,5.5,8.4,10,8.1,9.4,8.75,8.4,4.9,,4.9,0,2.5,5.2,7.939833705,0.7,3,2.8,4.5,8,9.4,7.3,7.7,0,2.6
Costa Rica,CRI,3.2,2.1,4.8,0.4,2.4,5.2,0.3,2.1,0.4,2.2,2.3,5.2,4,4.4,4.5,3.5,4.3,4.3,3.7,3.7,4,2.75,3.4,3.4,Low,139,2.1,6.957,0.2,0,1.6,0.6,6.6,4,7.9,0.4,3.7,4.5,3.2,3.2,4.4,4.2,4.3,4.3,7.1,8.7,7.9,0.5,1,0.5,0.666666667,5.9,0.3,3.7,3.7,3,2.5,2.75,2.75,3.7,2.1,,3.8,5.8,4.8,226.91994,44.95635417,0.9,0.1,0.3,0.4,2.4,37.165,5.2,0.007362962,5.2,5.2,0.8,1.3,1.05,0.2,0,0.001544112,0,0.3,4.1,0,,0.4,0.4,2.2,5.7,6.2,5.7,6,6,4.3,45.04504505,4.4,4.4,5.2,0.5,1.5,2.8,1.6,6.3,4.4,4.5
Côte d'Ivoire,CIV,6.6,8.3,6.5,0.8,6,7.1,5.2,4.2,5.35,5.6,5.8,4.3,5.8,0.4,2.7,4.4,6.3,6.3,6.8,6.8,6.6,5.3,6,5.6,High,37,7.7,15.75,7.5,4.5,8.1,6.7,6.3,6.9,5.1,6.6,7.7,6.5,6.6,6.6,6.5,6.1,6.3,6.3,9.4,9.6,9.5,2.5,,0,1.25,9.6,6.9,6.8,6.8,5.6,5,5.3,5.3,6.8,7.7,8.8,8.8,4.1,6.5,824.52616,32.06207799,0.6,1.5,0.3,0.8,6,306.866,8.3,0.011932625,5.9,7.1,5.4,6.4,5.9,2.7,3.5,0.796356153,8.8,5.2,3.6,4.7,4.8,5.9,5.35,5.6,4.7,5.6,4.7,4,4.8,6.4,10.06289308,0.9,3.7,4.3,8.5,3.3,5.6,5.8,5.7,0.4,2.7
Croatia,HRV,2.4,1.3,1.6,0.8,1.3,1.2,0.1,1.7,0.55,0.9,1.1,7.6,5.6,9.6,8.1,5.6,4.7,4.7,2.1,2.1,3.5,2.6,3.1,3.5,Medium,136,1.3,4.525,0.4,0.1,,0.3,6.2,0,5.7,,2,3.5,2.4,2.4,5.3,4.1,4.7,4.7,2.5,3.1,2.8,1.2,0.7,,0.95,4.4,0.1,2.1,2.1,2.7,2.5,2.6,2.6,2.1,1.3,,1.6,1.5,1.6,0,0,0,,1.6,0.8,1.3,1.016,0,0.000245987,2.3,1.2,0.2,,0.2,0.2,,3.63E-06,0,0.1,3.3,0,0.7,0.4,0.55,0.9,5.8,8,5.8,8,7.3,5.7,148.3202287,10,7.9,7.6,0.2,4.8,3.3,2.8,8.4,9.6,8.1
Cuba,CUB,2.9,2.4,4.2,1.6,2.7,0,0.4,0.8,0.4,0.4,1.6,6.7,4.5,7.2,6.4,4.4,5.4,5.4,1,1,3.5,2.5,3,3.4,Low,139,2.4,5.183,0.8,0.8,1.5,1,6.8,0.1,7.7,0.7,,3.8,2.9,2.9,5.2,5.5,5.4,5.4,0,3.5,1.75,0,0,,0,1.8,0.4,1,1,0,5,2.5,2.5,1,2.4,,4.2,,4.2,624.00999,55.05897304,1.1,2,,1.6,2.7,0.319,0,2.81E-05,0,0,0.8,1.1,0.95,0.1,,0.003605776,0,0.4,1.5,0,,0.4,0.4,0.4,4.4,6.7,4.4,10,7,6.3,62.9462608,6.3,6.3,6.7,0.1,7.8,5.7,4.5,,7.2,6.4
Cyprus,CYP,2.9,0.5,1.7,0.4,0.8,9,0.1,3.1,0.8,4.5,2.9,6.9,4.4,5.6,5.6,4.4,3.7,3.7,2.5,2.5,3.1,2.55,2.8,3.3,Low,146,0.5,5.452,0.1,0.1,,0.1,7,1.5,6.7,,1.9,4.3,2.9,2.9,4.2,3.2,3.7,3.7,5.1,5.8,5.45,0.3,1.9,3.1,1.766666667,2.5,0.1,2.5,2.5,2.6,2.5,2.55,2.55,2.5,0.5,,1.1,2.3,1.7,0,0,0,,0.7,0.4,0.8,249.321,8,0.208014691,10,9,0.2,0.3,0.25,0.1,,3.34E-06,0,0.1,5.9,0.2,0.5,1.1,0.8,4.5,4,6.4,4,8,6.1,5.2,205.6277056,10,7.6,6.9,0.3,3.1,1.9,1.8,7,5.6,5.6
Czech Republic,CZE,2.8,0.2,1,0.3,0.4,2.3,0.1,1.6,0.6,1.2,0.8,6.8,5.3,9.6,7.8,5.3,3.8,3.8,0.9,0.9,2.5,2.9,2.7,3.4,Low,139,0.2,5.198,0.1,0,,0.1,7.1,0.9,7.4,,1,4.1,2.8,2.8,4.4,3.2,3.8,3.8,0,1.9,0.95,0.5,1.5,,1,1.7,0,0.9,0.9,3.3,2.5,2.9,2.9,0.9,0.2,,1.8,0.2,1,0,0,0,,0.5,0.3,0.4,4.121,2.1,0.000385529,2.5,2.3,0.2,0.2,0.2,0.1,,9.36E-08,0,0.1,3.1,0,1.1,0.1,0.6,1.2,6.9,7.5,6.9,2,5.5,6.2,271.879855,10,8.1,6.8,,4.1,2.1,3.1,7.4,9.6,7.8
Denmark,DNK,2.9,0,0.7,0.1,0.2,5.2,0.1,1.4,0.7,2.1,1.2,8.2,2.7,8.8,7.1,4.8,1.3,1.3,1.1,1.1,1.2,0.2,0.7,2.1,Low,183,0,5.238,0,0,,0,7.1,1.4,8.8,0,,4.3,2.9,2.9,1.3,1.3,1.3,1.3,0,6.9,3.45,0.2,1.9,0.3,0.8,0,0,1.1,1.1,0.4,0,0.2,0.2,1.1,0,,0.5,0.8,0.7,-82.67261,-14.32334923,0,,0.1,0.1,0.2,39.35,5.3,0.00681754,5.1,5.2,0.4,0.2,0.3,0.1,,0,0,0.1,2.8,0,1.4,0,0.7,2.1,,7.7,,10,8.9,4.9,353.5234504,10,7.5,8.2,,3.8,0.3,2.1,3.2,8.8,7.1
Djibouti,DJI,5.4,8.1,4.2,4.9,6.3,6.1,2.4,5.1,,4.7,5.6,3.7,6.3,1.6,3.3,4.6,6.9,6.9,6.5,6.5,6.7,6.9,6.8,5.5,High,42,8.1,10.278,4,4.1,,4.1,5.4,3.4,7.8,7.3,,6,5.4,5.4,7,6.8,6.9,6.9,9.4,8.4,8.9,5.3,2.9,5.3,4.5,9.8,2.8,6.5,6.5,6.3,7.5,6.9,6.9,6.5,8.1,,,4.2,4.2,576.27152,591.92376,10,3.9,0.7,4.9,6.3,28.257,4.8,0.029024495,7.3,6.1,2.6,2.9,2.75,4.9,0.8,0.113563972,1.3,2.4,5.5,4.6,,,,4.7,,,,2,2,9.6,11.21656601,1,5.3,3.7,,8.1,4.4,6.3,,1.6,3.3
Dominica,DMA,3.9,3.5,,3.1,3.4,0,0.6,2.3,,1,2.3,6.4,4.1,,5.3,4,5.1,5.1,5.9,5.9,5.5,4,4.8,4.2,Medium,88,3.5,,2.5,0.6,,1.6,6.6,1.3,7,,,5,3.9,3.9,4.5,5.6,5.1,5.1,7.3,,7.3,1.4,3.1,,2.25,8.2,,5.9,5.9,3,5,4,4,5.9,3.5,,,,,10.57801,147.3096312,2.9,3.5,3,3.1,3.4,0,0,0,0,0,,,,0,,0.096368093,1.1,0.6,4.1,0.4,,,,1,,2.1,,8,5.1,5.3,133.3333333,10,7.7,6.4,,4.8,3.3,4.1,,,5.3
Dominican Republic,DOM,4.2,3.8,5.6,1,3.6,0,1.3,3.1,1.75,1.6,2.7,5.5,6.4,2.4,4.2,3.5,6.5,6.5,4.9,4.9,5.8,5.1,5.5,4.3,Medium,80,3.1,9.373,1.8,0.6,4.5,2.3,7.8,4.1,8.1,1.6,3.7,5.1,4.2,4.2,7.2,5.8,6.5,6.5,6.1,8.1,7.1,2.5,,5.9,4.2,7,1.1,4.9,4.9,5.2,5,5.1,5.1,4.9,3.1,4.4,6,5.2,5.6,145.13306,13.51463275,0.3,0.1,2.7,1,3.6,0.503,0,4.68E-05,0,0,2,1.3,1.65,0.8,0,0.261250418,2.9,1.3,4.7,1.5,3.4,0.1,1.75,1.6,,7,,2,4.5,7,60.01655629,6,6.5,5.5,1.3,5.9,3.6,3.6,9.2,2.4,4.2
Ecuador,ECU,3.5,3.8,5.1,0.8,3.4,6,0.7,2.9,2.6,3.3,3.4,4.3,6.4,2,3.7,3.6,5.9,5.9,4.3,4.3,5.2,3.85,4.6,3.9,Medium,104,2.8,9.569,1.3,1,1.9,1.4,6.1,4,6.4,2.3,4.4,4.6,3.5,3.5,6.2,5.5,5.9,5.9,4.9,8.2,6.55,2.4,4.4,2.5,3.1,7,0.7,4.3,4.3,2.7,5,3.85,3.85,4.3,2.8,4.6,5.2,4.9,5.1,1140.12008,65.62349424,1.3,0.3,0.9,0.8,3.4,118.614,6.9,0.006827233,5.1,6,0.6,0.7,0.65,0.8,0.1,0.106405577,1.2,0.7,4.8,1,2.2,3,2.6,3.3,6.8,5.5,6.8,8,6.8,1.1,24.96376228,2.4,1.8,4.3,1.5,5.5,4.3,3.8,9,2,3.7
Egypt,EGY,3,4.4,3.9,1.5,3.6,6.6,0.2,0,3.7,3.1,3.4,5.8,6,3.2,4.6,4,6.4,6.4,4.4,4.4,5.5,2.15,4,3.6,Medium,131,4,12.754,0.6,0.1,1,0.6,6.7,4.1,4.3,0.5,5.3,4.2,3,3,6.5,6.2,6.4,6.4,8,8.2,8.1,0.8,0.8,,0.8,8.4,0.4,4.4,4.4,1.8,2.5,2.15,2.15,4.4,4,4.8,6,1.7,3.9,2115.15017,21.06973511,0.4,0.6,3.4,1.5,3.6,408.704,8.7,0.00407124,4.5,6.6,0.2,0.1,0.15,0.2,0,0.050021738,0.6,0.2,0,0,3,4.4,3.7,3.1,7.7,7.3,7.7,8,7.7,7,8.337937616,0.7,3.9,5.8,5.4,5.4,5.5,5.4,6.6,3.2,4.6
El Salvador,SLV,3.8,5.2,4.3,2.9,4.4,0,1.2,2.8,1.1,1.3,3,6.7,6.7,3.6,5.2,4.2,6.3,6.3,4.5,4.5,5.5,3.75,4.7,4.2,Medium,88,4.7,8.95,1.4,0.4,0.9,0.9,8.3,3.1,7.2,2.5,5.2,5.3,3.8,3.8,6.6,5.9,6.3,6.3,6.1,8.5,7.3,2.4,2.2,2,2.2,8.1,0.5,4.5,4.5,2.5,5,3.75,3.75,4.5,4.7,5.6,5.3,3.3,4.3,396.54883,61.4466193,1.2,0.7,6.9,2.9,4.4,0.066,0,1.02E-05,0,0,1.2,1.1,1.15,1.3,0,0.218648961,2.4,1.2,4.3,1.3,1.3,0.9,1.1,1.3,6,5.5,6,10,7.2,6.9,53.08880309,5.3,6.1,6.7,2.4,2.7,7.1,4.1,9.2,3.6,5.2
Equatorial Guinea,GNQ,6.7,6.2,,0.1,4.2,0,6.4,2.8,8.15,5.1,4.7,3.8,5.5,1.2,2.9,3.9,8,8,7.2,7.2,7.6,7.65,7.6,5.8,High,27,6.2,14.391,3.7,5.9,7.5,5.7,5.6,8.7,7.2,7.3,,7.2,6.7,6.7,8.4,7.6,8,8,9,7.5,8.25,10,,,10,7.3,3.3,7.2,7.2,7.8,7.5,7.65,7.65,7.2,6.2,,,,,11.68,8.613683662,0.2,0,,0.1,4.2,0,0,0,0,0,10,10,10,3.5,8.6,0.316616297,3.5,6.4,3.7,1.8,9.7,6.6,8.15,5.1,4.2,,4.2,4,4.1,5.9,11.40819964,1.1,3.5,3.8,1.1,7.9,7.6,5.5,,1.2,2.9
Eritrea,ERI,6.4,9.3,,2.1,6.9,2.2,1.6,5.6,6.3,4.2,5.7,2.3,7.9,0.4,2.8,4.4,8.1,8.1,6.4,6.4,7.3,7,7.2,5.9,High,22,9.3,14.031,9.8,8,,8.9,5.1,,,,,5.1,6.4,6.4,7.7,8.5,8.1,8.1,,9.2,9.2,0.7,1.9,0.7,1.1,10,5.3,6.4,6.4,6.5,7.5,7,7,6.4,9.3,,,,,364.62791,104.2652877,2.1,,,2.1,6.9,2.549,1.4,0.000728886,3,2.2,1.2,0.8,1,1.2,0.6,0.307882178,3.4,1.6,6,5.2,,6.3,6.3,4.2,2.5,,2.5,2,2.3,4.1,4.653465347,0.4,2.3,2.3,4.5,9.2,9.9,7.9,,0.4,2.8
Estonia,EST,2.3,0.4,1.6,0.3,0.7,1.2,0.8,1.6,1.35,1.2,1,5.3,3.4,9.6,7,4.7,2.6,2.6,1.8,1.8,2.2,2.55,2.4,3,Low,161,0.4,5.208,0.1,0,,0.1,4.9,1,6.9,,0.7,3.4,2.3,2.3,2.6,2.6,2.6,2.6,1.3,3.8,2.55,1,1.4,,1.2,3.4,0.1,1.8,1.8,2.6,2.5,2.55,2.55,1.8,0.4,,1.2,1.9,1.6,0.23229,0.175227379,0,,0.6,0.3,0.7,0.359,0,0.000270811,2.3,1.2,2.6,1.3,1.95,0.3,,6.79E-06,0,0.8,3.1,0,0.7,2,1.35,1.2,1.3,6.3,1.3,4,3.9,3.2,125.0294881,10,6.6,5.3,0,2.8,1.2,1.3,5.4,9.6,7
Eswatini,SWZ,4.9,6.5,7.2,2.2,5.6,2.1,4.9,5.8,2.4,4,4.9,3.7,6.1,5.6,5.3,5.1,6.5,6.5,5.8,5.8,6.2,5.4,5.8,5.3,High,45,5.8,12.502,4.6,5.2,7.6,5.8,6.1,3.5,2.4,3.6,6.8,4.5,4.9,4.9,6.6,6.3,6.5,6.5,9.8,7.5,8.65,1.5,1.7,2,1.733333333,7.9,4.9,5.8,5.8,5.8,5,5.4,5.4,5.8,5.8,7.1,7.7,6.6,7.2,235.04391,204.7183645,4.1,1.7,0.9,2.2,5.6,1.629,0.7,0.001418825,3.5,2.1,10,10,10,7.2,0,0.227552905,2.5,4.9,6.3,5.2,,2.4,2.4,4,,4.9,,2,3.5,3.4,41.86046512,4.1,3.8,3.7,2.4,5.5,8.5,5.5,6.7,5.6,5.3
Ethiopia,ETH,7.6,9.4,5.2,2.8,6.7,8.2,3.1,5.6,6.05,6.1,6.4,3.6,6.3,0,2.5,4.7,6.3,6.3,7.3,7.3,6.8,4.6,5.8,5.9,High,22,8.6,14.776,10,9.8,9.2,9.7,6.8,9.7,2.1,7.3,6.5,6.5,7.6,7.6,6.3,6.2,6.3,6.3,9.8,9.7,9.75,4.4,,5.3,4.85,9.9,4.5,7.3,7.3,4.2,5,4.6,4.6,7.3,8.6,10,6.8,3.5,5.2,24659.13073,220.0161564,4.4,3.9,0.2,2.8,6.7,1900.885,10,0.016960266,6.4,8.2,2.2,0.7,1.45,3,0.9,0.622800552,6.9,3.1,6,5.2,4.3,7.8,6.05,6.1,7.7,4.9,7.7,4,5.5,2.7,8.4,0.7,1.7,3.6,8,8.3,5.3,7.2,5.4,0,2.5
Fiji,FJI,3.3,3.5,3.9,2.5,3.4,0,3.7,1.6,5.9,3.1,3.3,5,1.9,6.8,5.1,4.3,4.5,4.5,4.3,4.3,4.4,5.6,5,4.1,Medium,91,3.5,10.121,0.5,1,,0.8,5.6,3.2,5.6,1.2,7,4.5,3.3,3.3,,4.5,4.5,4.5,7.9,7.2,7.55,0,0.8,0,0.266666667,9.1,0.4,4.3,4.3,3.7,7.5,5.6,5.6,4.3,3.5,,4.8,2.9,3.9,196.32503,220.6010753,4.4,1.4,1.7,2.5,3.4,0.019,0,2.13E-05,0,0,0.2,,0.2,0.9,,1,10,3.7,3.2,0,6.5,5.3,5.9,3.1,5.6,4.8,5.6,10,6.8,4.3,18.60974275,1.8,3.1,5,0.2,4.2,1.3,1.9,,6.8,5.1
Finland,FIN,2.3,0,0.6,0.1,0.2,4.7,0.1,1.2,1.45,2,1.1,7.5,2.4,9.2,7.1,4.8,1.2,1.2,1.1,1.1,1.2,0.3,0.8,2.1,Low,183,0,4.9,0.1,0,,0.1,4.2,0.5,8.5,,0.2,3.4,2.3,2.3,1.4,1,1.2,1.2,0.5,4.6,2.55,1.7,1.2,2.4,1.766666667,0,0,1.1,1.1,0.6,0,0.3,0.3,1.1,0,,0.7,0.5,0.6,-12.87001,-2.326399151,0,,0.1,0.1,0.2,25.585,4.7,0.004624777,4.7,4.7,,,,0.1,,9.04E-07,0,0.1,2.3,0,1.6,1.3,1.45,2,7.8,6.3,7.8,10,8,5.5,85.55727401,8.5,7,7.5,,3.6,2,2.8,2,9.2,7.1
France,FRA,2.8,0.2,1.3,0.2,0.5,7.1,0.3,0.8,0.8,2.9,1.8,7.5,5.3,7.6,7,4.9,2.6,2.6,0.9,0.9,1.8,2.15,2,3,Low,161,0.2,5.634,0.1,0,,0.1,7,1,8,,0.7,4.2,2.8,2.8,3.1,2,2.6,2.6,1.9,1.9,1.9,0.5,3.2,1.2,1.633333333,0,0.1,0.9,0.9,1.8,2.5,2.15,2.15,0.9,0.2,,0.7,1.9,1.3,0,0,0,,0.3,0.2,0.5,457.426,8.9,0.007023306,5.2,7.1,0.8,0.6,0.7,0.1,,4.93E-06,0,0.3,1.6,0,,0.8,0.8,2.9,9.6,9.8,9.6,4,7.8,4.2,255.633057,10,7.1,7.5,,4.7,5.2,5,5.6,7.6,7
Gabon,GAB,5,5.5,5.2,0.8,4.3,1.3,6.3,2.8,6.55,4.6,4.5,1.7,5.8,1.6,2.7,3.7,6.8,6.8,6,6,6.4,6.75,6.6,5,High,56,4,14.559,5.8,2.4,,4.1,3.1,6.1,8.9,4.1,5.2,5.5,5,5,6.9,6.6,6.8,6.8,9.1,8.5,8.8,4.1,,,4.1,8.3,2.8,6,6,6,7.5,6.75,6.75,6,4,6.7,7.1,3.3,5.2,196.15,90.28444548,1.8,0.5,0,0.8,4.3,0.774,0,0.000356259,2.5,1.3,7.2,8.4,7.8,9.6,4.2,0.319490946,3.5,6.3,3.7,1.8,6.9,6.2,6.55,4.6,,,,0,0,6.5,1.746419839,0.1,3.3,1.7,3.1,3.2,8.2,4.8,6.7,1.6,2.7
Gambia,GMB,6.9,8.9,5.5,5,7.1,2.9,2.3,2.9,4.3,3.1,5.4,3.4,5.1,0,2.1,3.9,6.3,6.3,7.1,7.1,6.7,7,6.9,5.7,High,31,8.7,17.091,6.8,3.7,9.2,6.6,7.8,8.1,6.1,2.9,10,7,6.9,6.9,6.3,6.2,6.3,6.3,9.7,8.7,9.2,1.2,5.3,1.5,2.666666667,9.9,6.6,7.1,7.1,6.5,7.5,7,7,7.1,8.7,9.1,8.3,2.7,5.5,130.99007,55.79515832,1.1,9.7,4.2,5,7.1,4.382,2.1,0.001866511,3.7,2.9,3.4,3.9,3.65,3.2,1.4,0.068476924,0.8,2.3,4.1,1.7,1.4,7.2,4.3,3.1,1.8,3,1.8,2,2.3,4.6,41.50197628,4.1,4.4,3.4,8.2,3.1,4,5.1,5.1,0,2.1
Georgia,GEO,3.1,2.3,4,3,2.9,8.7,1,2.8,1,4.4,3.7,6.1,4.3,8,6.6,5.3,4.1,4.1,3.3,3.3,3.7,4.2,4,4,Medium,98,2.3,6.857,1.1,0.3,,0.7,6,1.5,5.9,3.8,,4.3,3.1,3.1,4.4,3.8,4.1,4.1,0,6.9,3.45,1.4,1.5,3.2,2.033333333,7.5,0.3,3.3,3.3,3.4,5,4.2,4.2,3.3,2.3,,4.7,3.2,4,548.39,137.2085703,2.7,2.3,3.9,3,2.9,295.677,8.2,0.073979136,9.2,8.7,1,1.3,1.15,1.6,0,0.103161009,1.1,1,4.5,1,,1,1,4.4,4.3,7,4.3,4,5.1,5.9,82.02619082,8.2,7.1,6.1,0.1,3.3,1.6,1.7,6.8,8,6.6
Germany,DEU,2.2,0,1.4,0.1,0.4,8.2,0.1,0.8,1.65,3.6,2.1,8.7,4.1,9.2,7.8,5.6,1.9,1.9,0.4,0.4,1.2,0.45,0.8,2.1,Low,183,0,4.774,0.1,0,,0.1,7.9,0.8,7.7,0,0.3,3.3,2.2,2.2,2,1.8,1.9,1.9,0,0,0,0.7,1,2.5,1.4,0,0.1,0.4,0.4,0.9,0,0.45,0.45,0.4,0,,1.1,1.7,1.4,-164.22084,-1.966315236,0,,0.2,0.1,0.4,1433.121,10,0.017159623,6.4,8.2,,,,0.1,,9.00E-06,0,0.1,1.5,0,0.9,2.4,1.65,3.6,10,8.9,10,8,9,6.6,516.395559,10,8.3,8.7,,3.6,6.5,5.1,3.1,9.2,7.8
Ghana,GHA,5.5,7.1,5.9,1.2,5.3,3.5,4.7,1.1,3.75,3.4,4.4,3.7,4.8,0.8,2.5,3.5,5.7,5.7,5.8,5.8,5.8,5.15,5.5,4.7,Medium,67,6.1,13.593,9.1,3.1,5.9,6,7.1,6.7,5.6,3.4,3.7,5.3,5.5,5.5,5.9,5.4,5.7,5.7,9.6,9,9.3,0,2.7,0,0.9,9.5,3.4,5.8,5.8,5.3,5,5.15,5.15,5.8,6.1,7.9,7.2,4.6,5.9,1233.45582,40.55038392,0.8,1.1,1.8,1.2,5.3,17.982,4.2,0.000591166,2.8,3.5,3.2,3.5,3.35,2.8,6.8,0.538784256,6,4.7,1.9,0.2,4.1,3.4,3.75,3.4,4.2,,4.2,4,4.1,4.5,18.45829305,1.8,3.2,3.7,4.1,3.2,3.1,3.5,6,0.8,2.5
Greece,GRC,2.2,0.6,2.2,2.5,1.5,6.6,0.2,1.1,0.85,2.7,2.1,7.7,5.6,8.8,7.7,5.6,4.8,4.8,1.5,1.5,3.3,2.5,2.9,3.3,Low,146,0.6,4.007,0.1,0,,0.1,6.4,0.3,7.9,0.3,1.4,3.3,2.2,2.2,5.2,4.3,4.8,4.8,0,4.7,2.35,0,2.7,0.5,1.066666667,2.5,0,1.5,1.5,,2.5,2.5,2.5,1.5,0.6,,1.6,2.8,2.2,2531.85441,241.7402028,4.8,,0.1,2.5,1.5,137.559,7.1,0.013134065,6,6.6,0.6,0.6,0.6,0.1,,3.91E-06,0,0.2,2.1,0,1.6,0.1,0.85,2.7,7.9,8.6,7.9,,8.3,3.9,131.8851823,10,7,7.7,0.6,4.3,4.4,3.1,8,8.8,7.7
Grenada,GRD,2.7,2.7,,1.2,2.2,0,0.1,5.7,,2.4,2.3,5.8,3.9,4.8,4.8,3.7,5.1,5.1,3.9,3.9,4.5,5,4.8,3.6,Medium,131,2.7,8.093,0.9,0.7,,0.8,8.4,1.6,3.6,0.7,,3.6,2.7,2.7,4.7,5.5,5.1,5.1,6.4,5.4,5.9,0.5,3.4,,1.95,7.6,0.3,3.9,3.9,,5,5,5,3.9,2.7,,,,,2.42,21.60675702,0.4,1.9,1.4,1.2,2.2,0.005,0,4.46E-05,0,0,,,,0.1,,0.00213389,0,0.1,6.9,4.4,,,,2.4,,3.1,,,3.1,6.8,232.3529412,10,8.4,5.8,0.3,5,6.5,3.9,,4.8,4.8
Guatemala,GTM,4.6,6.7,6.2,1.9,5.4,7,1.1,4,1.55,3.8,4.6,3.9,7.2,1.6,3.6,4.1,6.9,6.9,5.4,5.4,6.2,5.65,5.9,4.8,Medium,64,5,11.693,3.9,1,2.3,2.4,7.4,5.4,5.1,3.4,7,5.7,4.6,4.6,7.4,6.4,6.9,6.9,9.1,9.4,9.25,2.9,3.1,2.5,2.833333333,8.6,1.1,5.4,5.4,3.8,7.5,5.65,5.65,5.4,5,7.9,6.6,5.8,6.2,1172.26244,66.67599694,1.3,0.3,4,1.9,5.4,242.644,7.9,0.013801117,6.1,7,1,0.8,0.9,0.5,0,0.275116094,3.1,1.1,4.5,3.4,1.8,1.3,1.55,3.8,2.9,5.8,2.9,6,4.9,3.8,19.5968645,1.9,2.9,3.9,3.7,4.2,9,5.6,8.8,1.6,3.6
Guinea,GIN,6.9,9.1,2.2,1.5,5.5,2.7,5.4,4,10,6.7,6.1,3.9,7.7,0,2.9,4.7,7,7,8.8,8.8,8,4.75,6.7,6,High,19,8.7,16.127,8.6,6.4,8.3,7.8,5.7,7.6,3.6,5.5,10,6.5,6.9,6.9,7.1,6.9,7,7,9.8,9.7,9.75,9.2,,,9.2,9.8,6.4,8.8,8.8,4.5,5,4.75,4.75,8.8,8.7,9.4,,2.2,2.2,436.99729,34.21727919,0.7,3.7,0.1,1.5,5.5,6.175,2.6,0.000483508,2.7,2.7,3,3.5,3.25,3.2,8.4,0.596667467,6.6,5.4,4.1,3.8,,10,10,6.7,,,,4,4,6,13.83688751,1.3,3.7,3.9,9.9,5.3,9.6,8.3,7,0,2.9
Guinea-Bissau,GNB,7,9.2,6.4,3.6,7.1,3.2,5.6,7.2,5.2,5.5,6.4,1.4,7.1,0.4,2.3,4.7,8.1,8.1,7.1,7.1,7.6,6.75,7.2,6.2,High,11,8.8,15.704,8.8,5.6,9.4,7.9,6.1,6.9,4.3,8.8,,6.5,7,7,8.2,8,8.1,8.1,9.5,8.9,9.2,2,,2,2,9.8,7.4,7.1,7.1,6,7.5,6.75,6.75,7.1,8.8,9.5,,6.4,6.4,89.92611,46.81415699,0.9,7,2.9,3.6,7.1,4.878,2.3,0.002539412,4,3.2,6.2,6.7,6.45,6.8,1.5,0.70225054,7.8,5.6,6.7,7.7,,5.2,5.2,5.5,,,,2,2,0.5,12.09103841,1.1,0.8,1.4,8.7,6.2,6.4,7.1,,0.4,2.3
Guyana,GUY,2.4,4.5,6.6,2.1,4.4,0.8,4,2.6,,2.6,3.6,2.9,6.2,3.6,4.1,3.9,5.8,5.8,4.9,4.9,5.4,5,5.2,3.7,Medium,119,4.6,9.528,1.6,0.7,2.3,1.5,2,1.5,2.7,3.6,4.5,2.9,2.4,2.4,6,5.5,5.8,5.8,8,8.1,8.05,0.3,1,0.3,0.533333333,9,1.9,4.9,4.9,,5,5,5,4.9,4.6,4.3,6.6,,6.6,64.18411,81.99560538,1.6,1.8,2.9,2.1,4.4,0.04,0,5.11E-05,1.5,0.8,3.2,3.6,3.4,1.6,0.8,0.932841493,10,4,4.1,1,,,,2.6,1,3.5,1,,2.3,6.6,2.133604267,0.1,3.4,2.9,2.9,6,8.8,5.9,6.5,3.6,4.1
Haiti,HTI,6.8,8.2,6.2,7.4,7.5,4.7,3.3,9,5.1,6.1,6.9,3.8,7.8,2,3.9,5.6,8.5,8.5,8.2,8.2,8.4,6.8,7.7,6.6,Very High,7,7.9,11.239,7.3,5.8,7.7,6.9,8.7,5.9,5.5,7.3,6.1,6.7,6.8,6.8,8.2,8.8,8.5,8.5,9.4,9.2,9.3,6.6,10,,8.3,9.8,5.3,8.2,8.2,6.1,7.5,6.8,6.8,8.2,7.9,8.5,8.3,4,6.2,3125.03176,277.4580343,5.5,6.8,10,7.4,7.5,34.519,5.1,0.003064792,4.2,4.7,4.2,3.5,3.85,3.3,0.1,0.537416278,6,3.3,7.9,10,2.9,7.3,5.1,6.1,,4.2,,0,2.1,2.5,83.45428157,8.3,5.4,3.8,6.8,7.3,7,7,8.5,2,3.9
Honduras,HND,4.3,6.4,6.4,3.4,5.7,7.1,1.1,3.4,1.85,3.8,4.8,4,6,1.6,3.3,4.1,6.8,6.8,4.8,4.8,5.9,7.05,6.5,4.9,Medium,61,5.5,10.372,2.1,0.9,1.6,1.5,6.4,5.6,5.7,4.5,6.2,5.7,4.3,4.3,7.4,6.2,6.8,6.8,9.2,9.2,9.2,0.3,,0.3,0.3,8.8,0.7,4.8,4.8,6.6,7.5,7.05,7.05,4.8,5.5,7.2,6.4,6.4,6.4,708.36795,72.68208409,1.5,2,6.6,3.4,5.7,190.084,7.6,0.019503566,6.6,7.1,0.8,0.5,0.65,0.7,0,0.279742441,3.1,1.1,4.1,2.6,2.3,1.4,1.85,3.8,4,4.8,4,4,4.3,5.8,13.40602377,1.3,3.6,4,2.6,6.2,2.3,3.7,8.2,1.6,3.3
Hungary,HUN,2.4,1.1,2.4,0.5,1.3,2.8,0.1,1.6,1.3,1.5,1.4,6.8,4.9,9.6,7.7,5.4,4.8,4.8,1.3,1.3,3.2,2.9,3.1,3.4,Low,139,1.1,4.72,0.2,0,,0.1,6.8,0.4,7.1,1.5,1.5,3.5,2.4,2.4,5.6,4,4.8,4.8,1.9,1.2,1.55,0,0,0,0,3.5,0.1,1.3,1.3,3.3,2.5,2.9,2.9,1.3,1.1,,3.4,1.4,2.4,0,0,0,,0.9,0.5,1.3,6.164,2.6,0.000636469,2.9,2.8,,0.2,0.2,0.1,,3.20E-06,0,0.1,3.2,0,1.6,1,1.3,1.5,8.7,6.9,8.7,4,6.5,4.2,176.7369933,10,7.1,6.8,0.2,5,0.2,1.8,8,9.6,7.7
Iceland,ISL,3.8,0,0.8,0.1,0.2,2.2,0.1,0.9,,1.1,0.7,5.3,4.7,6.4,5.7,3.6,2.2,2.2,1.1,1.1,1.7,0.8,1.3,2.6,Low,175,0,6.109,0.1,0,,0.1,1.8,5.9,9.4,,,5.7,3.8,3.8,2.2,2.1,2.2,2.2,0.1,6.1,3.1,1.7,0.7,1.9,1.433333333,0,0,1.1,1.1,1.6,0,0.8,0.8,1.1,0,,0.8,0.7,0.8,0,0,0,,0.2,0.1,0.2,1.048,0.1,0.003091108,4.2,2.2,,,,0.1,,2.95E-06,0,0.1,1.7,0,,,,1.1,7.2,5.9,7.2,8,7,4.6,23.94014963,2.3,3.5,5.3,,3.8,7,5.4,3.9,6.4,5.7
India,IND,4.7,6.6,4.7,0.4,4.6,6.1,2.2,4.4,3.75,4.3,4.5,5.6,5.3,3.6,4.5,4.5,5.2,5.2,5.6,5.6,5.4,3.75,4.6,4.6,Medium,73,5.1,8.547,4.5,1.2,4,3.2,8.9,4.6,3.4,3.9,6.4,5.4,4.7,4.7,5.9,4.4,5.2,5.2,8.1,9.3,8.7,1.9,3.7,,2.8,9.4,1.6,5.6,5.6,2.5,5,3.75,3.75,5.6,5.1,7.7,6.7,2.7,4.7,4949.55099,3.622282401,0.1,0.1,1,0.4,4.6,686.848,9.5,0.000502663,2.7,6.1,0.6,0.5,0.55,3.7,0.2,0.377380874,4.2,2.2,5.5,3.2,4.8,2.7,3.75,4.3,10,8,10,8,8.7,2.4,24.5527531,2.4,2.4,5.6,4.9,5.8,6.8,5.8,4.7,3.6,4.5
Indonesia,IDN,4.4,4.7,4.7,0.2,3.6,3.4,2.7,2.2,4.2,3.2,3.4,6.1,4.3,3.6,4.4,3.9,5.3,5.3,6.1,6.1,5.7,4.35,5.1,4.4,Medium,77,3.9,8.846,3,1.8,3.6,2.8,7.2,4.7,5.5,3.4,5,5.2,4.4,4.4,6,4.6,5.3,5.3,9.1,8.6,8.85,3.4,6.1,,4.75,8.9,2,6.1,6.1,3.7,5,4.35,4.35,6.1,3.9,5.4,6,3.3,4.7,2115.79496,7.818163611,0.2,0.1,0.4,0.2,3.6,30.016,4.9,0.000110913,1.9,3.4,0.8,1.1,0.95,5.8,0.1,0.371226042,4.1,2.7,3.2,1.1,,4.2,4.2,3.2,10,7.9,10,8,8.6,6.1,9.936132747,0.9,3.5,6.1,0.9,4.1,4,3,5.5,3.6,4.4
Iran,IRN,3.6,2.1,5.2,0.1,2.4,8,0.1,1.3,2.5,3.8,3.1,5.1,5.1,3.2,4.2,3.7,6.7,6.7,3.2,3.2,5.2,2,3.8,3.7,Medium,119,2.1,9.145,1.3,0.8,,1.1,5.7,4.1,7.5,2.7,3.8,4.8,3.6,3.6,7.4,5.9,6.7,6.7,7.2,8.2,7.7,0,0.2,,0.1,4.9,0.2,3.2,3.2,1.5,2.5,2,2,3.2,2.1,,6.6,3.8,5.2,814.75054,9.826465873,0.2,0,0.1,0.1,2.4,979.476,10,0.011813171,5.9,8,0.2,0.3,0.25,0.3,0,3.74E-07,0,0.1,2.5,0,,2.5,2.5,3.8,8.5,6.7,8.5,4,6.4,6.4,9.824690676,0.9,3.7,5.1,2.9,4.7,5.1,4.2,5.9,3.2,4.2
Iraq,IRQ,4.2,4.9,4.2,3.6,4.4,9.1,0.5,6.8,6.8,6.6,5.6,5.1,5,1.2,3.1,4.5,7.8,7.8,6.1,6.1,7,4.65,6,4.8,Medium,64,4.2,13.671,0.7,0.6,0.5,0.6,6.5,5.2,7,5.2,,6,4.2,4.2,8,7.6,7.8,7.8,7.9,8.4,8.15,6.1,4.2,10,6.766666667,8.5,0.9,6.1,6.1,1.8,7.5,4.65,4.65,6.1,4.2,5.6,7.2,1.1,4.2,26481.22212,673.6546492,10,0.7,0.1,3.6,4.4,1707.368,10,0.04343366,8.1,9.1,,,,0.8,0,0.055214898,0.6,0.5,5.5,8,,6.8,6.8,6.6,5.8,,5.8,8,6.9,5.4,11.05175907,1,3.2,5.1,8.2,5.4,1.5,5,,1.2,3.1
Ireland,IRL,3.1,0,1.5,0.1,0.4,3.9,0.2,0.2,0.35,1.3,0.9,7.1,3.7,6.4,5.9,3.8,2.4,2.4,1.4,1.4,1.9,2.9,2.4,3,Low,161,0,6.585,1,0.4,,0.7,6.2,2.6,6.3,,2,4.3,3.1,3.1,2.6,2.2,2.4,2.4,2.3,6.6,4.45,0.7,,1.4,1.05,0,0.1,1.4,1.4,3.3,2.5,2.9,2.9,1.4,0,,1.2,1.7,1.5,-0.60645,-0.12420896,0,,0.1,0.1,0.4,13.237,3.7,0.002711112,4.1,3.9,0.4,,0.4,0.1,,2.05E-06,0,0.2,0.4,0,0.7,0,0.35,1.3,10,7.5,10,0,5.8,6.7,159.674844,10,8.4,7.1,,5,1.8,3.4,3.9,6.4,5.9
Israel,ISR,4.1,0,2.4,0.1,0.6,5.4,0.1,0,,2.2,1.4,6.4,4.9,3.6,4.6,3.2,3.3,3.3,1.3,1.3,2.4,0.45,1.5,2.7,Low,173,0,9.94,0,0,,0,8.7,4.1,9.2,,2.9,6.2,4.1,4.1,4,2.6,3.3,3.3,2,6.2,4.1,0.2,0.5,0.8,0.5,0.5,0,1.3,1.3,0.9,0,0.45,0.45,1.3,0,,1.3,3.5,2.4,0,0,0,,0.1,0.1,0.6,54.139,5.8,0.00635481,5,5.4,,,,0.1,,0,0,0.1,0,0,,,,2.2,7.2,6.4,7.2,2,5.2,5.2,212.5693161,10,7.6,6.4,,3.7,3.9,3.8,5.9,3.6,4.6
Italy,ITA,2.8,0.3,1.8,0.1,0.6,6.5,0.2,0.4,0.5,2.4,1.5,8.6,5.8,9.2,8.2,5.8,4.5,4.5,1.1,1.1,3,0.75,1.9,3.1,Low,156,0.3,3.935,0.1,0.1,,0.1,7.7,0.5,7,,1,4.1,2.8,2.8,4.7,4.2,4.5,4.5,0,5.8,2.9,0.8,2.2,1.4,1.466666667,0,0,1.1,1.1,1.5,0,0.75,0.75,1.1,0.3,,0.9,2.6,1.8,48.2403,0.796700689,0,,0.2,0.1,0.6,294.867,8.2,0.004869803,4.7,6.5,0.6,0.3,0.45,0.1,,1.70E-06,0,0.2,0.8,0,,0.5,0.5,2.4,8.6,9.4,8.6,8,8.7,6.7,241.381655,10,8.4,8.6,0.2,3.2,5.6,3,8.6,9.2,8.2
Jamaica,JAM,4,4.1,5.4,2.1,3.9,0,1.7,2.9,1.1,1.5,2.8,6.2,5,4.8,5.2,4.1,4.9,4.9,4.4,4.4,4.7,3.7,4.2,4.1,Medium,91,3.5,7.912,1.4,1.6,3.4,2.1,8.1,2,5.6,6.6,2.7,5,4,4,5.7,4,4.9,4.9,6.7,8,7.35,1,0.7,,0.85,8.4,0.9,4.4,4.4,2.4,5,3.7,3.7,4.4,3.5,4.7,5.4,,5.4,84.16,28.54548606,0.6,0.4,5.3,2.1,3.9,0.037,0,1.25E-05,0,0,3.4,3.9,3.65,0.1,,0.103752463,1.2,1.7,4.8,1,1.7,0.5,1.1,1.5,3.1,5.9,3.1,8,5.7,5.6,76.63896584,7.6,6.6,6.2,2.5,5.1,0.9,2.8,7.1,4.8,5.2
Japan,JPN,3.2,0,1.3,0,0.3,3.7,0.2,2.4,1,1.9,1.1,8.9,3.8,10,8.2,5.7,2.2,2.2,0.6,0.6,1.4,0,0.7,2.3,Low,181,0,3.867,0,0.2,,0.1,8.5,0,9.2,,1.1,4.7,3.2,3.2,2.7,1.6,2.2,2.2,4,0,2,0,0.7,0,0.233333333,0,0.1,0.6,0.6,,0,0,0,0.6,0,,1.3,,1.3,8,0.063061494,0,,0,0,0.3,30.935,5,0.000243851,2.3,3.7,0.2,0.1,0.15,0.3,,6.31E-08,0,0.2,4.8,0,,1,1,1.9,10,8.6,10,,9.3,6.9,384.0877915,10,8.5,8.9,,3,3.8,3.4,4.2,10,8.2
Jordan,JOR,4.1,2.2,4.2,5.8,3.6,10,0.1,3.6,2.6,5.8,4.8,4.6,4.2,1.6,3,4,5,5,3.8,3.8,4.4,5.1,4.8,4.3,Medium,80,3.5,10.765,0.3,0.2,,0.3,6.8,4.1,9.1,2.3,7.7,6,4.1,4.1,5.2,4.8,5,5,4.1,8.4,6.25,0,0,,0,8.5,0.5,3.8,3.8,5.2,5,5.1,5.1,3.8,3.5,0.7,6.2,2.2,4.2,18587.25785,1840.013401,10,4,3.5,5.8,3.6,3124.175,10,0.309272294,10,10,0.2,,0.2,0.1,,1.53E-05,0,0.1,4.8,2.4,3,2.2,2.6,5.8,6.3,6.5,6.3,4,5.6,3.7,32.66501464,3.2,3.5,4.6,0.4,5.8,2.4,2.9,5.4,1.6,3
Kazakhstan,KAZ,2.6,1.3,1.7,0,1.1,0,0.5,0.8,1.6,0.7,0.9,4.9,4.6,3.6,4.2,2.7,5.8,5.8,2.3,2.3,4.3,3.95,4.1,3.1,Low,156,1.7,10.499,0.2,0.7,0.1,0.3,2.8,3,5.7,,3.7,3.8,2.6,2.6,6.6,5,5.8,5.8,1.9,1.6,1.75,0,0,0.2,0.066666667,7.3,0.1,2.3,2.3,2.9,5,3.95,3.95,2.3,1.7,0.8,2.7,0.6,1.7,15.23,0.82096106,0,0,0.1,0,1.1,0.769,0,4.15E-05,0,0,0.4,1.1,0.75,1.2,0,5.39E-08,0,0.5,1.6,0,,1.6,1.6,0.7,7.1,7.2,7.1,10,8.1,2.6,5.926584435,0.5,1.6,4.9,0,3,8.3,3.8,5.4,3.6,4.2
Kenya,KEN,6,7.5,5.7,1.9,5.7,7.7,4.6,7.5,5.4,6.5,6.1,3.4,6.5,0.8,2.9,4.7,6.5,6.5,7.1,7.1,6.8,5.75,6.3,5.6,High,37,6.4,13.333,7.9,6.8,7.5,7.4,6.5,8.1,2.7,5.2,4.1,5.3,6,6,7.2,5.8,6.5,6.5,9.5,8.4,8.95,2.9,10,4.7,5.866666667,9.7,3.8,7.1,7.1,6.5,5,5.75,5.75,7.1,6.4,8.3,7.3,4,5.7,7570.7092,144.0011023,2.9,1.9,1,1.9,5.7,663.65,9.4,0.012623168,6,7.7,10,6.5,8.25,5.8,1.8,0.221137241,2.5,4.6,6.9,8.1,5.6,5.2,5.4,6.5,6.9,5.3,6.9,4,5.4,1.6,10.5422216,1,1.3,3.4,3.7,5.3,8.6,5.9,7.1,0.8,2.9
Kiribati,KIR,5.9,5.5,3,7.7,5.4,0,8.8,0.6,8,5.7,5.6,5.9,7.7,5.6,6.2,5.9,5.6,5.6,5.3,5.3,5.5,6.2,5.9,5.9,High,22,5.5,12.72,5.8,4.7,,5.3,7.2,5.9,5.4,,,6.2,5.9,5.9,,5.6,5.6,5.6,9.5,7.8,8.65,1.5,3.4,1.4,2.1,9.3,1,5.3,5.3,4.9,7.5,6.2,6.2,5.3,5.5,,,3,3,98.59603,838.3445854,10,10,3.2,7.7,5.4,0,0,0,0,0,,,,7.5,,1,10,8.8,1.2,0,8,,8,5.7,2.1,0,2.1,8,3.4,7.2,92.59259259,9.3,8.3,5.9,,7.7,,7.7,,5.6,6.2
Korea DPR,PRK,3.9,8.4,,0.8,5.9,0,3.9,9.4,,6,6,4.5,3.3,5.6,4.8,5.4,8.2,8.2,0.6,0.6,5.6,4.35,5,4.7,Medium,67,8.4,6.793,1.9,0.9,,1.4,7.8,1.7,6.2,,4.8,5.1,3.9,3.9,8.3,8.1,8.2,8.2,0.8,0,0.4,0.3,0.2,,0.25,,1,0.6,0.6,3.7,5,4.35,4.35,0.6,8.4,,,,,964.42121,37.57559702,0.8,,,0.8,5.9,0,0,0,0,0,,,,9.3,0,0.216431224,2.4,3.9,8.8,10,,,,6,2.5,,2.5,6,4.3,6.3,29.06735321,2.8,4.6,4.5,0,9.5,0.5,3.3,,5.6,4.8
Korea Republic of,KOR,3.9,0,1.3,0.1,0.4,3.6,0.4,1,2.2,1.9,1.2,8.3,4.7,7.6,7.1,4.8,3.4,3.4,0.8,0.8,2.2,0.3,1.3,2.9,Low,167,0,3.845,0,0,,0,9.1,0.5,8.1,,,5.9,3.9,3.9,4.1,2.6,3.4,3.4,4.1,0,2.05,0.2,0.3,0.2,0.233333333,1,0.1,0.8,0.8,0.6,0,0.3,0.3,0.8,0,,0.8,1.7,1.3,4.05135,0.079088816,0,,0.1,0.1,0.4,22.739,4.5,0.000443902,2.6,3.6,,,,1.3,0,5.86E-08,0,0.4,2,0,,2.2,2.2,1.9,9.9,7.8,9.9,8,8.6,5.9,102.9866117,10,8,8.3,,3.6,0.2,1.9,7.5,7.6,7.1
Kuwait,KWT,4.9,1.8,3.3,0,1.7,1.6,0.3,1,4.6,2,1.9,5.8,4.9,3.2,4.3,3.2,5.6,5.6,1.5,1.5,3.8,3.45,3.6,3.8,Medium,112,1.8,7.061,0,0,,0,7.9,4,10,,,7.3,4.9,4.9,6,5.2,5.6,5.6,3.6,7.5,5.55,0,0,0,0,0.3,0.1,1.5,1.5,4.4,2.5,3.45,3.45,1.5,1.8,,3.3,,3.3,-73.09278,-17.37376806,0,,0,0,1.7,1.654,0.7,0.000393147,2.5,1.6,0.2,0.3,0.25,0.5,,1.43E-06,0,0.3,1.9,0,,4.6,4.6,2,7,,7,6,6.5,4.9,52.18855219,5.2,5.1,5.8,0.8,1.5,6.6,3,6.7,3.2,4.3
Kyrgyzstan,KGZ,3.1,4,2.9,4.8,3.9,0.8,0.8,2.4,3.9,2.1,3.1,3.9,5.3,1.6,3.1,3.1,6.6,6.6,4,4,5.4,5.9,5.7,3.8,Medium,112,4.5,12.042,0.4,2.1,1.1,1.2,5.1,5,3.6,1.1,5.5,4.1,3.1,3.1,7,6.2,6.6,6.6,5.3,4.4,4.85,1.2,0.5,1.9,1.2,9.4,0.7,4,4,4.3,7.5,5.9,5.9,4,4.5,3.4,5.1,0.6,2.9,300.07219,46.77044246,0.9,3.5,10,4.8,3.9,0.442,0,6.89E-05,1.6,0.8,0.4,0.6,0.5,2.6,0,0.017710043,0.2,0.8,4,0.7,3.7,4.1,3.9,2.1,4.6,6.6,4.6,6,5.7,2.3,19.81230448,1.9,2.1,3.9,0.1,3.2,7.8,3.7,6.9,1.6,3.1
Lao PDR,LAO,4.1,6.8,4.6,1.6,5,0,1.7,4.9,4.2,2.9,4,4.2,4.7,2,3.2,3.6,6.7,6.7,5.7,5.7,6.2,7,6.6,4.6,Medium,73,5.9,11.079,2.8,3,5,3.6,5,6.8,3.5,2.3,,4.4,4.1,4.1,7.1,6.3,6.7,6.7,8.8,8.2,8.5,2.4,,2.7,2.55,9.6,2.1,5.7,5.7,6.5,7.5,7,7,5.7,5.9,7.5,6.2,2.9,4.6,837.30312,116.7875387,2.3,2.2,0.4,1.6,5,0,0,0,0,0,0.6,,0.6,3.1,0.1,0.272405884,3,1.7,5.9,3.8,1.2,7.2,4.2,2.9,5.2,6.3,5.2,4,5.2,5.2,10.83188908,1,3.1,4.2,3.1,7.6,1.9,4.2,5.2,2,3.2
Latvia,LVA,2.4,0.9,2.3,0.6,1.2,1.3,0.7,1.4,0.75,1,1.1,7.2,5.1,10,8.1,5.6,3.7,3.7,2.2,2.2,3,2.5,2.8,3.4,Low,139,0.9,5.901,0.9,0.2,,0.6,5,0,6.8,,1.4,3.3,2.4,2.4,4.4,2.9,3.7,3.7,2,2.8,2.4,0.2,1.7,2,1.3,4.8,0.2,2.2,2.2,2.5,2.5,2.5,2.5,2.2,0.9,,2.3,2.3,2.3,0.15253,0.079995175,0,,1.2,0.6,1.2,0.728,0,0.000381803,2.5,1.3,1.4,,1.4,0.6,,9.96E-06,0,0.7,2.7,0,1.4,0.1,0.75,1,6.5,5.7,6.5,8,6.7,6.1,90.03215434,9,7.6,7.2,0,4.8,2.4,2.4,7.8,10,8.1
Lebanon,LBN,4.5,3.4,3.3,5.3,3.9,10,0.1,3.4,5.4,6.3,5.2,6.2,7,4.4,5.5,5.4,6.8,6.8,4.2,4.2,5.7,4.6,5.2,5,High,56,3.4,8.634,0.2,1.2,,0.7,9.4,1.5,8.9,5.9,,6.4,4.5,4.5,7.2,6.3,6.8,6.8,4.3,6.5,5.4,3.4,5.3,5.3,4.666666667,6.3,0.3,4.2,4.2,4.2,5,4.6,4.6,4.2,3.4,,4.8,1.7,3.3,25439.88571,3710.759268,10,1.7,4.1,5.3,3.9,1477.049,10,0.21544803,10,10,0.2,0.1,0.15,0.2,,1.46E-07,0,0.1,4.8,2,,5.4,5.4,6.3,6.2,5.7,6.2,2,4.6,5.3,107.5268817,10,7.7,6.2,1.1,6.9,7.3,5.1,8.9,4.4,5.5
Lesotho,LSO,5.5,7.8,7.3,4.6,6.9,0,7.3,3.8,4.6,4.4,5.8,3.3,6.2,6.4,5.6,5.7,6.4,6.4,6.4,6.4,6.4,7.1,6.8,6,High,19,7.6,11.902,6.4,5.2,9.8,7.1,6.1,4.6,2.8,6.6,3.4,4.7,5.5,5.5,6,6.7,6.4,6.4,,8.5,8.5,1,2.9,1,1.633333333,9.3,6,6.4,6.4,6.7,7.5,7.1,7.1,6.4,7.6,8,7.3,7.3,7.3,323.75275,152.3350948,3,3.2,7.7,4.6,6.9,0.095,0,4.47E-05,0,0,10,10,10,10,,0.182364381,2,7.3,4.9,2.7,,4.6,4.6,4.4,,5.1,,0,2.6,6,18.11594203,1.7,3.9,3.3,4.5,4.4,9.3,6.1,6.3,6.4,5.6
Liberia,LBR,7,9,5.7,6,7.4,3.4,4.8,8.3,6.5,6.1,6.8,4.4,7.4,0.4,3.2,5.3,7.5,7.5,7.2,7.2,7.4,5.2,6.4,6.2,High,11,8.7,14.788,9.2,4.5,9.9,7.9,5.7,6.7,5.1,7.8,7.4,6.5,7,7,7.2,7.7,7.5,7.5,9.9,9.1,9.5,2.2,,2.2,2.2,9.7,7.3,7.2,7.2,5.4,5,5.2,5.2,7.2,8.7,9.3,8.7,2.6,5.7,791.20085,160.2472995,3.2,10,4.7,6,7.4,8.261,3.1,0.001673157,3.6,3.4,3.2,3,3.1,5.6,4.8,0.524696124,5.8,4.8,6.5,10,7.7,5.3,6.5,6.1,,,,6,6,4.8,9.032392027,0.8,2.8,4.4,8.4,7.4,8,7.9,6.9,0.4,3.2
Libya,LBY,3,3.5,2.3,5.2,3.6,8.8,0.4,1.7,3,4.5,4.1,3.1,5.4,3.2,3.7,3.9,8.5,8.5,3.6,3.6,6.7,6.7,6.7,4.3,Medium,80,3.8,9.339,0,0.2,,0.1,1.9,3.7,8,,,4.5,3,3,8.2,8.7,8.5,8.5,4.6,5.4,5,0.5,0.8,0.8,0.7,8,0.8,3.6,3.6,5.9,7.5,6.7,6.7,3.6,3.8,3.2,2.3,,2.3,3379.93954,498.7035012,10,0.4,,5.2,3.6,411.97,8.7,0.060785372,8.8,8.8,,,,0.7,,0.000418151,0,0.4,1.5,1.8,,3,3,4.5,4.9,,4.9,0,2.5,6.8,3.523648226,0.3,3.6,3.1,,5.6,0.2,2.9,7.9,3.2,3.7
Liechtenstein,LIE,1.9,0,,0,0,2.6,,0.8,,1.7,0.9,4.9,3.1,,4,2.6,1.5,1.5,,,1.5,,1.5,1.9,Very Low,189,0,,0,0,,0,7.9,0.9,1.4,,0.8,2.8,1.9,1.9,,1.5,1.5,1.5,,,,,,,,,,,,,,,,,0,,,,,0,0,0,,,0,0,0.245,0,0.006443977,5.1,2.6,,,,,,,,,1.6,0,,,,1.7,,2.1,,,2.1,5.2,687.5,10,7.6,4.9,,3.9,2.2,3.1,,,4
Lithuania,LTU,2.4,0.6,2.4,0.5,1,2,0.5,0.8,0.6,1,1,6.5,3.9,10,7.6,5.2,3.5,3.5,1.4,1.4,2.5,0.9,1.7,2.8,Low,168,0.6,5.334,0.7,0.4,,0.6,5.5,0,6.8,,1,3.3,2.4,2.4,4,2.9,3.5,3.5,0,0.9,0.45,0.8,1.2,2.9,1.633333333,3.5,0.1,1.4,1.4,1.8,0,0.9,0.9,1.4,0.6,,1.7,3.1,2.4,0,0,0,,0.9,0.5,1,2.011,1,0.000728721,3,2,0.4,0.8,0.6,0.9,,2.07E-05,0,0.5,1.6,0,1.1,0.1,0.6,1,1,6,1,6,4.3,7.1,140.4091011,10,8.6,6.5,0,1.9,0.2,0.7,7,10,7.6
Luembourg,LU,3.8,0,1.6,0.5,0.5,3.4,0.3,1.1,0.3,1.4,1,6,4.3,7.6,6.4,4.2,1.7,1.7,1.1,1.1,1.4,2.45,1.9,3.1,Low,156,0,5.374,0.3,0,,0.2,8,4.3,9.1,,1,5.6,3.8,3.8,2,1.4,1.7,1.7,2.4,4,3.2,0,2.2,0.7,0.966666667,0,0.1,1.1,1.1,2.4,2.5,2.45,2.45,1.1,0,,1,2.2,1.6,-11.93181,-19.37831517,0,,1,0.5,0.5,3.531,1.8,0.005734656,4.9,3.4,,0.7,0.7,0.1,,3.25E-06,0,0.3,2.1,0,0.5,0.1,0.3,1.4,5.8,5,5.8,6,5.6,2.6,540.5405405,10,6.3,6,,3.5,9,6.3,2.3,7.6,6.4
Madagascar,MDG,6.9,9,4.4,1.8,6.1,1.4,4,9.1,5.6,5.9,6,3.1,7.5,0,2.7,4.6,7.5,7.5,6.9,6.9,7.2,7.45,7.3,6.1,High,15,7.6,14.916,9.9,7.6,4.9,7.5,5.5,9,3.7,7.5,7.4,6.6,6.9,6.9,7.6,7.3,7.5,7.5,9.5,9.9,9.7,4.2,,4.2,4.2,9.9,3.7,6.9,6.9,7.4,7.5,7.45,7.45,6.9,7.6,9.8,,4.4,4.4,1372.35648,50.88586558,1,3.4,1,1.8,6.1,2.15,1.1,7.97E-05,1.7,1.4,0.4,1.4,0.9,4.3,2.3,0.749584138,8.3,4,8.1,10,,5.6,5.6,5.9,4.3,3.5,4.3,2,3.3,5.1,7.910031984,0.7,2.9,3.1,4.8,8.2,8.9,7.3,7.7,0,2.7
Malawi,MWI,6.6,8.6,6.6,4.5,7.1,5,6.3,4.5,3.6,4.9,6.1,3,7.1,1.2,3.1,4.8,6.7,6.7,6.5,6.5,6.6,5.4,6,5.7,High,31,8.3,15.444,8.2,5.2,9.1,7.5,7.6,7.9,1.7,7.4,6.3,6.2,6.6,6.6,6.9,6.5,6.7,6.7,10,8.5,9.25,1.9,5.4,1.9,3.066666667,9.8,3.9,6.5,6.5,5.8,5,5.4,5.4,6.5,8.3,8.8,8.2,4.9,6.6,2462.04602,132.1637873,2.6,10,0.9,4.5,7.1,55.963,5.8,0.00300412,4.2,5,10,10,10,2.4,5.8,0.631915541,7,6.3,4.7,4.2,5.3,1.9,3.6,4.9,0.1,4.8,0.1,2,2.3,5.6,19.09206619,1.8,3.7,3,6.7,8.3,2,5.7,8.5,1.2,3.1
Malaysia,MYS,4.2,1.9,3.9,0.1,2,6.1,0.7,1.7,5.1,3.7,2.9,5.9,3.7,3.6,4.2,3.6,3.8,3.8,3.5,3.5,3.7,0.25,2.1,3.2,Low,153,1.9,8.201,0,0.6,,0.3,6.6,4.3,7.6,,,6.2,4.2,4.2,4.7,2.8,3.8,3.8,6.2,7.8,7,0,0,,0,6.6,0.3,3.5,3.5,0.5,0,0.25,0.25,3.5,1.9,,3.7,4,3.9,-73.88698,-2.312596806,0,0,0.2,0.1,2,163.111,7.4,0.005105229,4.8,6.1,0.8,1.4,1.1,1.7,0,0.002599141,0,0.7,3.3,0,,5.1,5.1,3.7,9.5,8.5,9.5,10,9.3,2.8,21.00136965,2,2.4,5.9,1.3,3.4,4.1,2.9,4.5,3.6,4.2
Maldives,MDV,4.8,2.7,4.2,0.7,2.6,0,0.3,3.1,1.2,1.2,1.9,5.2,3.7,1.6,3,2.5,6.6,6.6,2.8,2.8,5,5.3,5.2,4,Medium,98,3.6,6.88,0.1,0.1,0.4,0.2,10,9.8,4,3.6,8.3,7.1,4.8,4.8,7.1,6,6.6,6.6,7.4,4.7,6.05,0,0,,0,4.6,0.6,2.8,2.8,5.6,5,5.3,5.3,2.8,3.6,1.6,4.9,3.4,4.2,15.47052,29.13704876,0.6,1.6,0,0.7,2.6,0,0,0,0,0,0.2,,0.2,0.7,,0.001890925,0,0.3,4.4,1.8,1.2,,1.2,1.2,5.1,5.4,5.1,4,4.8,1.2,226.6666667,10,5.6,5.2,0.5,1.7,8.9,3.7,,1.6,3
Mali,MLI,6,9.7,5.5,5,7.5,7,4.3,0.8,6.9,5.2,6.5,3.9,5.9,0,2.5,4.8,7.1,7.1,8.1,8.1,7.6,5.1,6.5,5.7,High,31,9.5,17.968,6.7,3.6,4.8,5,4,9.8,4.2,5.2,9.2,6.5,6,6,7.1,7,7.1,7.1,9.7,10,9.85,5.6,,7.1,6.35,9.9,6.2,8.1,8.1,5.1,,5.1,5.1,8.1,9.5,9.9,9,2,5.5,6999.04997,356.0403795,7.1,6,2,5,7.5,252.67,8,0.012853276,6,7,2,3.1,2.55,1,9.7,0.348031946,3.9,4.3,1.2,0.4,4.7,9.1,6.9,5.2,,3.2,,2,2.6,9.5,9.014989469,0.8,5.2,3.9,9.6,4.4,2,5.3,6.4,0,2.5
Malta,MLT,4.7,0.3,1.9,0.3,0.7,5.2,0.1,1,0.45,2,1.4,5.2,5.3,9.2,7.2,4.9,3.9,3.9,1,1,2.6,3.25,2.9,4.1,Medium,91,0.3,4.918,0,0,,0,10,6.7,9.5,,2.1,7.1,4.7,4.7,4.6,3.1,3.9,3.9,0.4,4.2,2.3,0.2,2.7,,1.45,0,0.1,1,1,4,2.5,3.25,3.25,1,0.3,,2.6,1.1,1.9,0,0,0,,0.6,0.3,0.7,10.45,3.4,0.023729668,7,5.2,0.2,,0.2,0.2,,2.04E-05,0,0.1,2,0,0.9,0,0.45,2,6,5.9,6,4,5.3,0.1,843.75,10,5.1,5.2,1.2,3.1,7,3.8,6.8,9.2,7.2
Marshall Islands,MHL,4.7,4,,8.2,5.4,0,6.2,5,4.3,4.2,4.8,3.6,5.8,,4.7,4.8,8.1,8.1,6.9,6.9,7.6,6.3,7,5.4,High,44,4,,1.8,1.9,1.7,1.8,8.4,2.3,7.7,,,6.1,4.7,4.7,,8.1,8.1,8.1,8.9,,8.9,3.2,6.3,4.6,4.7,7,,6.9,6.9,5.1,7.5,6.3,6.3,6.9,4,,,,,128.64057,2188.099709,10,10,4.7,8.2,5.4,0,0,0,0,0,,,,8.7,,0.333282305,3.7,6.2,10,0,4.3,,4.3,4.2,1,0,1,4,1.7,1,144.4444444,10,5.5,3.6,0.4,8.8,8.2,5.8,,,4.7
Mauritania,MRT,6.3,8.3,5.1,4.5,6.6,6.6,1.5,2.7,3.3,3.8,5.4,3.5,6,0,2.4,4.1,6.9,6.9,7.8,7.8,7.4,7.45,7.4,5.8,High,27,7.5,15.003,5.7,4.9,8.4,6.3,2.1,8.7,5.4,8.8,,6.3,6.3,6.3,7.2,6.5,6.9,6.9,9.6,9.6,9.6,3.1,,3.7,3.4,9.6,8.5,7.8,7.8,7.4,7.5,7.45,7.45,7.8,7.5,8.9,8.3,1.9,5.1,1702.14798,376.1072833,7.5,5.7,0.4,4.5,6.6,86.373,6.5,0.019085012,6.6,6.6,1,0.3,0.65,1.8,1.3,0.188939695,2.1,1.5,3.5,1.8,,3.3,3.3,3.8,4.1,,4.1,2,3.1,7.7,1.455321626,0,3.9,3.5,7.8,4.9,4.8,5.8,6.1,0,2.4
Mauritius,MUS,3,2.1,3.8,1.1,2.3,0,0.7,2,,0.9,1.6,6.4,4.6,8.8,7.2,5,4,4,3.4,3.4,3.7,3.15,3.4,3.7,Medium,119,2.1,5.102,0.5,0,,0.3,9.3,0,4.1,,3.7,4.3,3,3,4.8,3.2,4,4,4.9,5.8,5.35,0.8,0.7,2.5,1.333333333,6.1,0.7,3.4,3.4,3.8,2.5,3.15,3.15,3.4,2.1,,4.9,2.7,3.8,155.92,122.8035631,2.5,0.3,0.6,1.1,2.3,0.015,0,1.18E-05,0,0,1.8,,1.8,0.2,,0,0,0.7,3.5,0.5,,,,0.9,5.6,5.3,5.6,8,6.3,2.8,137.9310345,10,6.4,6.4,1.8,2.5,3.6,2.6,6.6,8.8,7.2
Mexico,MEX,3.3,4.1,4.6,0.4,3.3,6.4,0.9,1.2,1.2,2.8,3.1,5.2,6.6,4.4,5.2,4.2,6.2,6.2,3.6,3.6,5,1.95,3.6,3.7,Medium,119,2.7,8.654,1,0.1,1.2,0.8,6,3,8,1.8,4.4,4.6,3.3,3.3,7.1,5.3,6.2,6.2,4.4,8.2,6.3,0.3,0.2,1.4,0.633333333,6.9,0.4,3.6,3.6,1.4,2.5,1.95,1.95,3.6,2.7,5.2,4.5,4.6,4.6,1426.01946,11.17784477,0.2,0,1,0.4,3.3,378.396,8.6,0.002966055,4.2,6.4,0.6,0.7,0.65,0.4,0,0.226425971,2.5,0.9,2.4,0,1.9,0.5,1.2,2.8,9.5,9,9.5,8,8.8,1.1,18.51899483,1.8,1.5,5.2,1,5.4,6.7,4.4,8.8,4.4,5.2
Micronesia,FSM,3.6,5.7,3.8,7.3,5.6,0,5,5,5.7,4.2,4.9,5.4,6.1,5.2,5.5,5.2,5.3,5.3,5.3,5.3,5.3,7.5,6.5,5,High,56,5.7,10.693,1.3,3.6,,2.5,7.4,2.9,2.3,,,4.2,3.6,3.6,,5.3,5.3,5.3,,,,4.4,8,5.8,6.066666667,8.7,1,5.3,5.3,,7.5,7.5,7.5,5.3,5.7,,,3.8,3.8,315.68417,2773.757985,10,10,1.9,7.3,5.6,0,0,0,0,0,,,,3,,0.621521646,6.9,5,10,0,5.7,,5.7,4.2,,,,,,5.4,54.28571429,5.4,5.4,5.4,,9.2,2.9,6.1,,5.2,5.5
Moldova Republic of,MDA,3.8,2.9,1.6,2.5,2.5,1,1.1,3,2.2,1.9,2.2,5.4,6.4,7.2,6.6,4.8,6.4,6.4,3.3,3.3,5,4.5,4.8,4.4,Medium,77,3.8,5.105,2.6,1.8,1.3,1.9,7,0.2,4.3,7.1,,4.7,3.8,3.8,6.8,5.9,6.4,6.4,2,2.7,2.35,1.9,1.2,3.6,2.233333333,8.5,0.2,3.3,3.3,4,5,4.5,4.5,3.3,3.8,2,3,0.2,1.6,190.8492,47.20183575,0.9,1.3,5.4,2.5,2.5,0.522,0,0.000129104,1.9,1,1.2,1.9,1.55,1.7,,0,0,1.1,5.9,0,3.1,1.3,2.2,1.9,5.1,2.9,5.1,8,5.3,0.7,127.838315,10,5.4,5.4,0.1,5.7,7.8,4.5,8.3,7.2,6.6
Mongolia,MNG,3.8,4.8,3.1,2.7,3.9,0,2.6,3.9,2.1,2.3,3.1,4.5,5.5,2,3.5,3.3,6,6,3.6,3.6,4.9,3.2,4.1,3.7,Medium,119,3.3,11.74,4.6,2.8,2.9,3.4,1,3.8,6.8,4.3,,4,3.8,3.8,6.5,5.5,6,6,2.8,1.3,2.05,0,0.2,10,3.4,8.6,0.5,3.6,3.6,1.4,5,3.2,3.2,3.6,3.3,6,4.3,1.8,3.1,843.19693,261.4429552,5.2,1.9,1.1,2.7,3.9,0.009,0,2.79E-06,0,0,0.2,0,0.1,7.8,,5.27E-06,0,2.6,4.9,2.8,3.1,1.1,2.1,2.3,4.6,4.2,4.6,10,6.3,4.9,4.183938824,0.3,2.6,4.5,0.3,3.4,2.9,2.2,8.8,2,3.5
Montenegro,MNE,2.7,1.3,1.7,2,1.6,1.8,0.2,0.6,0.3,0.7,1.2,5.1,4,7.2,5.9,3.9,5.1,5.1,3.2,3.2,4.2,5.15,4.7,3.7,Medium,119,1.7,5.872,0.2,0.5,,0.4,5.6,1,6.7,3,3,3.9,2.7,2.7,5.5,4.7,5.1,5.1,4.2,5.1,4.65,2,2.7,,2.35,5.6,0.1,3.2,3.2,5.3,5,5.15,5.15,3.2,1.7,0.9,1.6,1.7,1.7,12.04,19.17234087,0.4,1.9,3.6,2,1.6,0.898,0,0.001429964,3.5,1.8,0.2,0.3,0.25,0.3,,6.37E-06,0,0.2,1.2,0,,0.3,0.3,0.7,4.4,5.7,4.4,2,4,4.2,81.78438662,8.2,6.2,5.1,0.3,1,3.8,1.7,6.3,7.2,5.9
Morocco,MAR,4.1,6,5.1,1.1,4.6,2.6,0.5,0,2.7,1.5,3.2,5.1,5.9,4.4,5,4.2,5.7,5.7,4.5,4.5,5.1,3.75,4.5,4.3,Medium,80,4.5,9.241,1.3,2.2,,1.8,6.4,4.3,6.2,1.1,8.1,5.2,4.1,4.1,5.9,5.4,5.7,5.7,8.2,8.7,8.45,0,0,0,0,8.6,0.8,4.5,4.5,2.5,5,3.75,3.75,4.5,4.5,7.1,6.6,3.6,5.1,1208.36533,33.13152782,0.7,0.5,2,1.1,4.6,7.775,3,0.000213179,2.2,2.6,0.2,0.2,0.2,1.8,0,0.0001899,0,0.5,0,0,,2.7,2.7,1.5,7.3,7.6,7.3,6,7,3.5,29.12838898,2.8,3.2,5.1,5,3.9,8.2,5.7,6,4.4,5
Mozambique,MOZ,6.9,9.4,7.5,4.5,7.7,4.8,9.3,6.8,3.05,6.6,7.2,3.2,7.5,1.6,3.5,5.7,7.1,7.1,7,7,7.1,4.85,6.1,6.2,High,11,9.1,16.623,7.8,7.4,8.8,8,5.2,8.8,3.6,8.5,5.9,6.4,6.9,6.9,7.4,6.7,7.1,7.1,9.8,9.2,9.5,3.2,9.2,3.2,5.2,10,3.2,7,7,4.7,5,4.85,4.85,7,9.1,9.7,7.6,7.3,7.5,6595.10613,217.1868798,4.3,8.4,0.7,4.5,7.7,55.962,5.8,0.001842914,3.7,4.8,10,10,10,10,8.4,0.772418817,8.6,9.3,5.9,7.6,3.3,2.8,3.05,6.6,4.3,5.4,4.3,4,4.6,3.1,5.213764338,0.4,1.8,3.2,6.9,7.8,7.5,7.4,7.6,1.6,3.5
Myanmar,MMR,4.3,7.4,4.7,1.8,5.3,7,3.9,3.1,4.3,4.8,5.1,3.7,6,4,4.4,4.8,7.1,7.1,5.7,5.7,6.5,4.2,5.5,4.8,Medium,64,6.3,8.347,4,3,2.1,3,6.4,2.9,3.1,6.3,5.6,4.9,4.3,4.3,7.1,7.1,7.1,7.1,7.8,9,8.4,1.7,3.2,1.7,2.2,9.2,2.8,5.7,5.7,3.4,5,4.2,4.2,5.7,6.3,8.3,6.1,3.3,4.7,6913.86229,127.9268814,2.6,1.6,1.3,1.8,5.3,401.095,8.7,0.007421443,5.2,7,1.6,1.2,1.4,6.5,0.1,0.693531656,7.7,3.9,4.3,1.9,2.3,6.3,4.3,4.8,6.3,6.3,6.3,6,6.2,1.7,7.194354728,0.6,1.2,3.7,4.7,4.4,6.9,5.3,6.7,4,4.4
Namibia,NAM,5.1,7,7.3,1.1,5.6,2.8,5.9,5.9,3.9,4.8,5.2,3.4,5.3,2.8,3.6,4.4,4.8,4.8,5.4,5.4,5.1,6.4,5.8,5.1,High,51,5.1,13.405,7.3,2.9,5.5,5.2,1.6,7.9,5,4.7,5.6,5,5.1,5.1,4.8,4.8,4.8,4.8,,6.7,6.7,1.9,10,5.4,5.766666667,6.9,2.2,5.4,5.4,5.3,7.5,6.4,6.4,5.4,5.1,8.3,6.1,8.5,7.3,300.46068,120.4481015,2.4,0.7,0.1,1.1,5.6,4.031,2,0.00161594,3.6,2.8,10,10,10,7.7,1.1,0.442530519,4.9,5.9,4.3,7.4,4.4,3.4,3.9,4.8,4.5,5.4,4.5,4,4.6,3.8,7.044905197,0.6,2.2,3.4,,4.5,4.6,4.6,5.9,2.8,3.6
Nauru,NRU,4.9,2.8,,7.2,4.3,5.3,2.3,5,,4.3,4.3,3.5,6.7,,5.1,4.7,5.2,5.2,4.2,4.2,4.7,7.05,6,5.2,High,48,2.8,,3.8,0.1,,2,9.3,0,10,,,6.4,4.9,4.9,,5.2,5.2,5.2,6.9,3.8,5.35,2,0.8,,1.4,5.9,,4.2,4.2,6.6,7.5,7.05,7.05,4.2,2.8,,,,,50.29,4672.054998,10,10,1.7,7.2,4.3,1.379,0.5,0.128112226,10,5.3,,,,1.7,,0.264214047,2.9,2.3,10,0,,,,4.3,1.6,,1.6,0,0.8,2.1,219.047619,10,6.1,3.5,,5.4,8,6.7,,,5.1
Nepal,NPL,5.1,7.3,4.2,4.6,5.9,3.7,2.3,2.7,3.8,3.2,4.7,4.5,5.9,1.6,3.4,4.1,6.7,6.7,6.1,6.1,6.4,6.35,6.4,5.1,High,51,6.4,9.464,4.2,1.9,5.2,3.8,7.6,7.4,2,5.7,5.6,5.7,5.1,5.1,6.6,6.8,6.7,6.7,8.4,9.7,9.05,1.5,6.8,3.2,3.833333333,9.6,2.1,6.1,6.1,7.7,5,6.35,6.35,6.1,6.4,8,6.3,2,4.2,1455.86037,50.88870192,1,3.3,9.5,4.6,5.9,20.863,4.4,0.000729253,3,3.7,0.4,0,0.2,2.8,0,0.561440142,6.2,2.3,4.1,1.2,2.3,5.3,3.8,3.2,6.3,4.9,6.3,2,4.4,7.8,15.34705267,1.4,4.6,4.5,5.9,3.1,0.7,3.2,8.5,1.6,3.4
Netherlands,NLD,3.5,0,0.7,0.1,0.2,6,0.1,1.6,1,2.5,1.4,7.2,2.5,8.4,6.6,4.5,1.6,1.6,1,1,1.3,0.55,0.9,2.4,Low,178,0,5.049,0.3,0,,0.2,9,2.1,9.1,,0.6,5.2,3.5,3.5,1.8,1.3,1.6,1.6,1.2,4.2,2.7,0.8,1.5,1,1.1,0,0.1,1,1,1.1,0,0.55,0.55,1,0,,0.5,0.8,0.7,-25.30981,-1.480354911,0,,0.1,0.1,0.2,114.14,6.9,0.006675977,5.1,6,0.4,0.2,0.3,0.1,,2.40E-06,0,0.1,3.2,0,1.4,0.6,1,2.5,9.1,8.1,9.1,6,7.7,3.1,622.5911651,10,6.6,7.2,,3.9,1.2,2.6,2.3,8.4,6.6
New Zealand,NZL,3.1,0,1.8,0.1,0.5,1.8,0.1,1.4,0.9,1.1,0.8,5.8,3.5,5.6,5.1,3.2,1.5,1.5,1.4,1.4,1.5,0.5,1,2.1,Low,183,0,6.302,0,0,,0,4.2,4,8.7,,1.7,4.7,3.1,3.1,1.3,1.7,1.5,1.5,2.4,6.6,4.5,0.8,1.5,0.8,1.033333333,0,0.1,1.4,1.4,1,0,0.5,0.5,1.4,0,,1.8,,1.8,0,0,0,,0.1,0.1,0.5,2.039,1,0.000426296,2.6,1.8,0.2,,0.2,0.1,,6.27E-07,0,0.1,2.8,0,,0.9,0.9,1.1,8.1,6.4,8.1,10,8.2,2.5,41.77585356,4.1,3.3,5.8,,3.3,7.5,5.4,1.6,5.6,5.1
Nicaragua,NIC,4.3,6,5.7,2.3,5,0.9,1,4.3,1.55,2.1,3.7,5.3,7.3,2,4.2,4,7.2,7.2,4.7,4.7,6.1,5.1,5.6,4.6,Medium,73,5,10.1,2.8,3.1,,3,5.8,3.3,5.9,4.8,,5,4.3,4.3,7.8,6.6,7.2,7.2,7.5,9,8.25,0.2,2.5,0.2,0.966666667,8.5,1.1,4.7,4.7,2.7,7.5,5.1,5.1,4.7,5,6.9,6.1,5.3,5.7,436.05051,66.61833476,1.3,1.8,3.8,2.3,5,0.457,0,6.98E-05,1.7,0.9,0.4,0.4,0.4,0.8,0.1,0.246599994,2.7,1,4.5,4,1.5,1.6,1.55,2.1,,5.6,,8,6.8,5.9,14.95762008,1.4,3.7,5.3,3.5,4.4,9,5.6,8.9,2,4.2
Niger,NER,7.1,10,5.5,5.4,7.7,7.7,4.5,3.7,7.5,6.2,7,3.2,8.5,0,2.9,5.3,6.7,6.7,7.7,7.7,7.2,5.3,6.3,6.2,High,11,10,19.914,9.6,8.3,9.1,9,4.2,8.5,1.6,6.9,9.8,6.2,7.1,7.1,6.8,6.5,6.7,6.7,9.9,9.8,9.85,3.1,10,3.2,5.433333333,10,5.7,7.7,7.7,5.6,5,5.3,5.3,7.7,10,10,8.6,2.3,5.5,7302.00162,313.2465206,6.3,8.8,1.1,5.4,7.7,422.55,8.8,0.018126854,6.5,7.7,0.8,0.5,0.65,1.6,9,0.603527158,6.7,4.5,3.5,3.8,,7.5,7.5,6.2,,3,,2,2.5,7.3,3.868319255,0.3,3.8,3.2,10,8.2,7.4,8.5,,0,2.9
Nigeria,NGA,6.5,8.3,4.5,1.6,5.7,7.9,6.1,3.7,3.3,5.6,5.7,4,6.7,0,2.7,4.4,7.2,7.2,9.6,9.6,8.7,4.9,7.2,5.9,High,22,7.3,16.625,6.8,4.8,5.8,5.8,7.8,8.5,5,6,7.3,6.9,6.5,6.5,7.4,7,7.2,7.2,9,9.5,9.25,9.7,,10,9.85,9.4,10,9.6,9.6,4.8,5,4.9,4.9,9.6,7.3,9.1,,4.5,4.5,20898.01955,103.9890768,2.1,0.6,2,1.6,5.7,2251.682,10,0.011204427,5.8,7.9,5.8,,5.8,4,7,0.666651682,7.4,6.1,4.5,2.8,2.3,4.3,3.3,5.6,7.3,,7.3,4,5.7,3.5,10.76012605,1,2.3,4,6.8,5.7,0.3,4.3,9,0,2.7
North Macedonia,MKD,2.5,3.2,2.3,1,2.4,1.2,0.1,2,1.6,1.2,1.8,6.6,4.7,7.2,6.4,4.5,5.7,5.7,2.9,2.9,4.4,4.35,4.4,3.7,Medium,119,2.8,5.456,0.1,1.1,,0.6,6.4,0.8,5.8,0.9,,3.5,2.5,2.5,6.5,4.8,5.7,5.7,2.8,4.5,3.65,1.4,0.3,,0.85,7,0.1,2.9,2.9,3.7,5,4.35,4.35,2.9,2.8,3.6,1.9,2.7,2.3,119.39,57.30377094,1.1,0.9,0.9,1,2.4,0.566,0,0.000271664,2.3,1.2,0.2,0.1,0.15,0.2,,4.32E-06,0,0.1,4,0,,1.6,1.6,1.2,,4.5,,10,7.3,6.3,55.51149881,5.5,5.9,6.6,0.5,5.4,2.3,2.7,6.6,7.2,6.4
Norway,NOR,2,0,0.6,0,0.2,5.9,0.2,1,1.1,2.4,1.4,5.6,4.4,7.2,6.1,4.1,1.4,1.4,0.9,0.9,1.2,0.4,0.8,1.9,Very Low,189,0,5.6,0.2,0,,0.1,3.9,2.3,8.2,0,0.5,3,2,2,1.6,1.2,1.4,1.4,0,5.2,2.6,0.5,1.4,0.8,0.9,0,0,0.9,0.9,0.8,0,0.4,0.4,0.9,0,,0.6,0.6,0.6,-35.91124,-6.676367609,0,,0,0,0.2,59.318,5.9,0.011027989,5.8,5.9,0.4,,0.4,0.1,,7.44E-06,0,0.2,2,0,,1.1,1.1,2.4,,7,,6,6.5,4.9,46.01479047,4.5,4.7,5.6,,4.8,8.4,6.6,2.1,7.2,6.1
Oman,OMN,5,1.3,4.1,0,1.7,1,0.1,2.3,0.9,1.1,1.4,4.8,3,2,3,2.2,4.7,4.7,1.9,1.9,3.4,1.25,2.4,3,Low,161,1.3,9.056,0,1.3,0.3,0.5,4,9.2,8.5,,,7.2,5,5,4.8,4.6,4.7,4.7,5.1,8.1,6.6,0,0,0,0,0.6,0.2,1.9,1.9,0,2.5,1.25,1.25,1.9,1.3,,4.1,,4.1,0,0,0,,0,0,1.7,0.564,0,0.000113367,1.9,1,0.4,,0.4,0.1,0,2.01E-07,0,0.1,3.9,0.6,,0.9,0.9,1.1,7.5,5.9,7.5,10,7.8,2,13.57027464,1.3,1.7,4.8,0.9,3.4,,2.2,3.8,2,3
Pakistan,PAK,5.3,7.8,4.7,1,5.3,7.6,1.8,5.3,5.2,5.3,5.3,5.1,6.1,1.2,3.4,4.4,6.6,6.6,6.4,6.4,6.5,6.2,6.4,5.3,High,45,6.8,12.776,4.5,1.4,4,3.3,8.1,5.3,3.7,4.5,10,6.3,5.3,5.3,6.8,6.3,6.6,6.6,7.6,9.4,8.5,4.1,9.2,4.1,5.8,9.7,1.6,6.4,6.4,4.9,7.5,6.2,6.2,6.4,6.8,8.5,7.3,2.1,4.7,4964.70727,22.92475701,0.5,0.3,2.2,1,5.3,1528.212,10,0.007056587,5.2,7.6,0.2,0.6,0.4,4.9,0.1,0.146298643,1.6,1.8,5.5,5.1,,5.2,5.2,5.3,7.1,,7.1,4,5.6,7.8,12.97218763,1.2,4.5,5.1,7.1,6.5,3.9,5.8,6.4,1.2,3.4
Palau,PLW,3.5,1.7,,6.8,3.4,0,1,5,2,2.2,2.8,4.4,2.9,,3.7,3.3,5,5,3.9,3.9,4.5,5.75,5.2,3.9,Medium,104,1.7,,0,0,,0,5.3,2.5,8,,,5.3,3.5,3.5,,5,5,5,7,,7,0.3,0.7,1.7,0.9,3.8,,3.9,3.9,4,7.5,5.75,5.75,3.9,1.7,,,,,112.16459,6231.019943,10,10,0.3,6.8,3.4,0,0,0,0,0,,,,1.9,,0,0,1,10,0,2,,2,2.2,,2.7,,6,4.4,2.7,60.86956522,6,4.4,4.4,0.7,3.4,4.6,2.9,,,3.7
Palestine,PSE,5.1,3.2,2.2,8.2,4.2,10,0,2.8,4.8,6.1,5.2,4.9,5.1,0.8,2.9,4.1,6.5,6.5,0.2,0.2,4,7.5,6,5,High,56,4.2,13.858,0.3,0.5,,0.4,9.6,5.8,7.6,4.4,9.7,7.4,5.1,5.1,,6.5,6.5,6.5,,,,0,0,0,0,,0.3,0.2,0.2,,7.5,7.5,7.5,0.2,4.2,2.1,,2.2,2.2,9628.36423,1932.85456,10,8.8,5.7,8.2,4.2,2856.286,10,0.573387679,10,10,,,,0,,,,0,3.2,2.4,,4.8,4.8,6.1,,4.3,,,4.3,0.9,282.3920266,10,5.5,4.9,0.6,5.6,9,5.1,,0.8,2.9
Panama,PAN,3.6,2.1,6.2,0.3,2.7,4.2,1,2.9,1.35,2.5,2.6,5.1,5.4,3.2,4.2,3.4,5.7,5.7,3.3,3.3,4.6,3.95,4.3,3.7,Medium,119,2.1,9.162,1.9,0.6,,1.3,5.8,4.4,6.8,2.5,4.2,4.7,3.6,3.6,6.4,5,5.7,5.7,6.1,7.2,6.65,3.1,1,1.5,1.866666667,4.2,0.6,3.3,3.3,2.9,5,3.95,3.95,3.3,2.1,,6.1,6.2,6.2,110.97982,26.13479055,0.5,0,0.3,0.3,2.7,16.134,4,0.003799418,4.4,4.2,1.6,2.5,2.05,1,0,0.102681069,1.1,1,4.1,1.7,2.1,0.6,1.35,2.5,7.8,5.7,7.8,6,6.5,5.7,16.14205004,1.5,3.6,5.1,1,3.2,3.9,2.7,8.1,3.2,4.2
Papua New Guinea,PNG,5.6,7.1,7.1,1.7,5.8,4.3,5.7,3.9,,4.7,5.3,2,6.6,4,4.2,4.8,6.8,6.8,6.4,6.4,6.6,6.95,6.8,5.7,High,31,7.1,12.484,9.7,9.8,,9.8,4.3,5,1.3,,,3.5,5.6,5.6,7.2,6.4,6.8,6.8,,,,6.3,,9.3,7.8,9.9,1.6,6.4,6.4,6.4,7.5,6.95,6.95,6.4,7.1,,9.9,4.2,7.1,1191.72799,135.7921412,2.7,2.3,0,1.7,5.8,22.177,4.5,0.002526971,4,4.3,1.8,2,1.9,7.9,4.5,0.74596174,8.3,5.7,6.5,1.3,,,,4.7,5,,5,2,3.5,0.7,3.091463145,0.2,0.5,2,6.8,7.8,5.1,6.6,,4,4.2
Paraguay,PRY,2.5,4.1,6.2,0.4,3.7,0.9,1.3,3.5,2.8,2.2,3,4.3,6.4,2,3.7,3.4,6.6,6.6,4.6,4.6,5.7,5.65,5.7,3.6,Medium,131,3.5,9.908,1.1,0.1,2,1.1,4.1,3.5,6.2,2,0,3.2,2.5,2.5,7.2,6,6.6,6.6,6.6,8.5,7.55,1.2,2.9,1,1.7,7.6,1.4,4.6,4.6,3.8,7.5,5.65,5.65,4.6,3.5,4.7,6.4,6,6.2,126.6642,17.98022581,0.4,0.3,0.6,0.4,3.7,0.618,0,8.77E-05,1.8,0.9,1,1.2,1.1,0.8,0,0.280334166,3.1,1.3,5.1,1.9,,2.8,2.8,2.2,4.4,5.5,4.4,6,5.3,4.6,18.62572363,1.8,3.2,4.3,1.3,4.8,4.5,3.5,9.2,2,3.7
Peru,PER,4,4.9,4.9,0.4,3.8,6.9,0.9,3,3.05,3.8,3.8,4.8,5.7,2.4,3.8,3.8,6,6,5,5,5.5,4.75,5.1,4.3,Medium,80,2.8,8.644,2.9,1.5,,2.2,4.7,3.9,7.8,3.8,4.4,4.9,4,4,6.4,5.5,6,6,6.8,8.1,7.45,2.7,5.6,3.2,3.833333333,7.9,1,5,5,4.5,5,4.75,4.75,5,2.8,6.4,5.1,4.6,4.9,817.93948,25.15926965,0.5,0.1,0.5,0.4,3.8,292.4,8.2,0.008994028,5.5,6.9,0.6,0.5,0.55,2.1,0.1,0.082410917,0.9,0.9,4.4,1.6,2.2,3.9,3.05,3.8,8.1,6.5,8.1,4,6.2,6,6.5625,0.6,3.3,4.8,1.2,3.9,2.4,2.5,8.8,2.4,3.8
Philippines,PHL,4.5,4.5,4.8,1.3,3.8,6.2,3.9,3.4,1.25,3.9,3.9,6.3,5.2,2.8,4.3,4.1,5.8,5.8,5.9,5.9,5.9,5,5.5,4.7,Medium,67,3.8,9.967,2.6,1.1,2.2,2,8.5,3.8,4.7,4.8,6.9,5.7,4.5,4.5,6.6,4.9,5.8,5.8,,9.5,9.5,1.9,3.2,6.4,3.833333333,9,1.3,5.9,5.9,,5,5,5,5.9,3.8,5.1,5.7,3.8,4.8,1385.9619,12.81913802,0.3,0.1,3.4,1.3,3.8,301.89,8.3,0.002792263,4.1,6.2,0.2,0.7,0.45,10,0,0.454539636,5.1,3.9,4,2.8,1,1.5,1.25,3.9,9.1,7.1,9.1,,8.1,3.7,50.30687192,5,4.4,6.3,0.4,3.8,2.6,2.3,8,2.8,4.3
Poland,POL,2,0.6,1.6,0.2,0.8,3.3,0.2,0.8,0.7,1.3,1.1,8,4.7,8.8,7.6,5.2,4,4,1.9,1.9,3,2.5,2.8,3.1,Low,156,0.6,4.959,0.1,0,,0.1,7,0,6,0,2,3,2,2,4.2,3.7,4,4,4,1.9,2.95,0.2,1,,0.6,4.1,0,1.9,1.9,,2.5,2.5,2.5,1.9,0.6,,1.6,1.5,1.6,0,0,0,,0.4,0.2,0.8,15.571,4,0.000410977,2.6,3.3,0.2,,0.2,0.3,,2.74E-06,0,0.2,1.6,0,0.5,0.9,0.7,1.3,7.4,8.2,7.4,,7.8,6.3,200.5589347,10,8.2,8,0.3,3.3,0.6,1.4,7.9,8.8,7.6
Portugal,PRT,2.2,1,1.9,0.1,1,1.7,0.3,0.8,0.6,0.9,1,7.9,4.6,10,8.1,5.6,3.2,3.2,1.3,1.3,2.3,1.15,1.7,2.8,Low,168,1,3.973,0,0,,0,6.8,1.4,6.5,0.4,1.6,3.3,2.2,2.2,3.8,2.6,3.2,3.2,1.7,5.8,3.75,0.2,0.7,0.5,0.466666667,0.8,0.1,1.3,1.3,2.3,0,1.15,1.15,1.3,1,,1.1,2.6,1.9,0,0,0,,0.1,0.1,1,2.221,1.2,0.000217188,2.2,1.7,,0.5,0.5,0.4,,1.27E-06,0,0.3,1.5,0,1.1,0.1,0.6,0.9,8.1,8,8.1,8,8,5.4,174.920739,10,7.7,7.9,0.8,4.3,3.6,2.9,6.3,10,8.1
Qatar,QAT,5,1,2.7,0.1,1.2,0.9,0.3,1,0.8,0.8,1,6.5,2.1,2.4,3.4,2.3,3.8,3.8,2.5,2.5,3.2,3.15,3.2,3.3,Low,146,1,4.772,0,0.1,,0.1,7.9,4.3,9.9,,,7.4,5,5,3.8,3.7,3.8,3.8,10,8.6,9.3,0.3,1,0.2,0.5,0,0.1,2.5,2.5,1.3,5,3.15,3.15,2.5,1,,2.7,,2.7,-81,-28.60097787,0,,0.1,0.1,1.2,0.282,0,9.96E-05,1.8,0.9,0.2,0.4,0.3,0.5,,7.42E-06,0,0.3,1.9,0,,0.8,0.8,0.8,8.7,5.9,8.7,4,6.2,3.8,94.7459087,9.5,6.7,6.5,1.4,3,2.4,2.3,1.8,2.4,3.4
Romania,ROU,2.4,1.7,3.5,0.5,1.9,2.5,0.5,0.4,1.15,1.2,1.6,7.5,6.3,8.8,7.9,5.6,5.6,5.6,3.3,3.3,4.6,2.65,3.7,3.7,Medium,119,1.7,4.855,1.7,0,,0.9,6.4,0,5.4,1.6,2.2,3.1,2.4,2.4,5.6,5.5,5.6,5.6,4.4,2.2,3.3,2.9,4.1,,3.5,6.3,0.2,3.3,3.3,2.8,2.5,2.65,2.65,3.3,1.7,,4.2,2.7,3.5,0,0,0,,1,0.5,1.9,5.644,2.5,0.00029146,2.4,2.5,0.2,0.2,0.2,1.3,,1.14E-06,0,0.5,0.7,0,1.4,0.9,1.15,1.2,6.7,7.6,6.7,4,6.1,9,86.8960723,8.7,8.9,7.5,0.3,4.3,8,4.2,8.3,8.8,7.9
Russian Federation,RUS,2.3,1.5,3.3,0.1,1.6,4.6,1.8,0.8,2.8,2.6,2.1,6.2,3.7,8.4,6.7,4.8,6.2,6.2,1.9,1.9,4.4,1.25,3,3.2,Low,153,1.5,6.444,1.1,0.5,,0.8,3.2,0.4,7.4,,1.5,3.1,2.3,2.3,7.2,5.1,6.2,6.2,0,0,0,0.3,0.3,4.9,1.833333333,5.7,0.2,1.9,1.9,0,2.5,1.25,1.25,1.9,1.5,,3.4,3.2,3.3,6.41352,0.043966687,0,,0.2,0.1,1.6,81.11,6.4,0.000556034,2.8,4.6,,4.3,4.3,1.1,,2.06E-08,0,1.8,1.6,0,,2.8,2.8,2.6,10,8.5,10,10,9.5,4.7,11.60172854,1.1,2.9,6.2,0.1,2.2,2.3,1.5,5.9,8.4,6.7
Rwanda,RWA,5.9,8.2,5.1,3.7,6.3,6.6,5.1,8.4,4.8,6.5,6.4,4.5,4.1,0,2.2,4.6,4.7,4.7,5.4,5.4,5.1,4.15,4.6,5,High,56,7.3,14.642,3.7,7,9.5,6.7,9,6.3,1.7,5.1,5.6,5.5,5.9,5.9,4.7,4.6,4.7,4.7,9.7,8.1,8.9,0.2,0.7,0.2,0.366666667,9.7,2.8,5.4,5.4,3.3,5,4.15,4.15,5.4,7.3,8.9,5.5,4.7,5.1,1442.16067,114.2130159,2.3,8,0.9,3.7,6.3,153.393,7.3,0.012148076,5.9,6.6,6.2,3.5,4.85,1,10,0.421995657,4.7,5.1,6.8,10,4.5,5.1,4.8,6.5,5.1,,5.1,4,4.6,5.5,32.83340089,3.2,4.4,4.5,5.1,6.2,5.3,5.5,2.6,0,2.2
Saint Kitts and Nevis,KNA,2.9,2.5,,0.5,1.8,0.9,0,3.5,,1.6,1.7,4.7,3.1,,3.9,2.9,3.9,3.9,3.1,3.1,3.5,5.1,4.3,3.3,Low,146,2.5,,0.9,0.2,,0.6,7.7,1.5,3.1,,,4.1,2.9,2.9,,3.9,3.9,3.9,3.7,,3.7,0.3,0.7,,0.5,5.2,,3.1,3.1,5.2,5,5.1,5.1,3.1,2.5,,,,,0,0,0,,0.9,0.5,1.8,0.004,0,7.57E-05,1.7,0.9,,,,0,,0.000189272,0,0,6.7,0.2,,,,1.6,,,,2,2,4.8,165.3846154,10,7.4,4.7,,2.7,3.4,3.1,,,3.9
Saint Lucia,LCA,2.5,3.2,5.5,0.6,3.1,0,0.8,6,,2.7,2.9,7.6,6.1,5.6,6.2,4.8,4.6,4.6,5.4,5.4,5,4.5,4.8,3.9,Medium,104,3.1,5.98,1.3,0.3,1.3,1,8.2,1.7,1.9,1.3,,3.3,2.5,2.5,4.5,4.6,4.6,4.6,,8.5,8.5,3.2,4.4,,3.8,7.9,1.3,5.4,5.4,4,5,4.5,4.5,5.4,3.1,3.2,4.4,6.6,5.5,7.18,39.27897371,0.8,0.3,0.7,0.6,3.1,0.002,0,1.09E-05,0,0,,,,0.1,,0.128367844,1.4,0.8,7.5,4.4,,,,2.7,,4,,10,7,6.4,113.1147541,10,8.2,7.6,,5,7.1,6.1,,5.6,6.2
Saint Vincent and the Grenadines,VCT,3.8,3.4,,1.4,2.7,0,0,2.1,,0.7,1.8,4.9,6.3,5.6,5.6,3.9,4.4,4.4,4.1,4.1,4.3,5.25,4.8,4.1,Medium,91,3.4,7.073,1.4,0.8,,1.1,8.2,2.3,5.2,,,5.2,3.8,3.8,4.1,4.6,4.4,4.4,,6.8,6.8,0,0,,0,8.8,0.8,4.1,4.1,5.5,5,5.25,5.25,4.1,3.4,,,,,4.6,41.5939526,0.8,1.5,1.9,1.4,2.7,0,0,0,0,0,,,,0,,4.52E-05,0,0,3.9,0.2,,,,0.7,,2.2,,2,2.1,5.3,105.1282051,10,7.7,4.9,,5.3,7.2,6.3,,5.6,5.6
Samoa,WSM,1.8,3.9,4.2,8.6,5.2,0,1.9,1.3,4.8,2.2,3.9,4.6,3.1,3.6,3.7,3.8,3.8,3.8,6.4,6.4,5.2,5.1,5.2,3.3,Low,146,3.9,13.951,0.2,0.4,,0.3,6.1,0,1.8,,,2.6,1.8,1.8,,3.8,3.8,3.8,9.1,,9.1,4.2,9.7,,6.95,9,0.5,6.4,6.4,2.7,7.5,5.1,5.1,6.4,3.9,,4.9,3.4,4.2,194.60369,987.3698711,10,9.7,6,8.6,5.2,0,0,0,0,0,,,,0.3,,0.311147529,3.5,1.9,2.5,0,4.8,,4.8,2.2,2.8,2.9,2.8,4,3.2,6.1,56.53710247,5.6,5.9,4.6,0.2,7,2,3.1,,3.6,3.7
Sao Tome and Principe,STP,6.4,6.6,4.4,3.8,5.4,0,3.5,2.5,5.8,3.2,4.4,3,5.1,0.4,2.2,3.4,5.9,5.9,5.1,5.1,5.5,6.8,6.2,5.1,High,51,5.8,14.675,6.3,2.6,5.9,4.9,7.8,6.1,7.3,9.6,4.6,7.1,6.4,6.4,5.4,6.3,5.9,5.9,9.2,6.5,7.85,0.7,3.9,0.7,1.766666667,9.5,1.4,5.1,5.1,6.1,7.5,6.8,6.8,5.1,5.8,7.3,7.3,1.5,4.4,33.66,156.5231948,3.1,7,1.4,3.8,5.4,0,0,0,0,0,1.6,,1.6,2.1,0.3,0.896544027,10,3.5,4.3,0.7,5.8,,5.8,3.2,,,,0,0,5.4,66.66666667,6.6,6,3,1.5,6.3,7.4,5.1,,0.4,2.2
Saudi Arabia,SAU,3.1,0.9,3,0,1.2,1.5,0.1,1.7,,1.1,1.2,5.2,2.9,2.4,3.2,2.3,4.6,4.6,1.5,1.5,3.2,2.8,3,2.8,Low,168,0.9,8.745,0,0,,0,4,4.1,8.4,2,,4.6,3.1,3.1,4.7,4.4,4.6,4.6,4,6.8,5.4,0.2,0.5,0.2,0.3,0,0.2,1.5,1.5,3.1,2.5,2.8,2.8,1.5,0.9,,3,,3,0,0,0,,0,0,1.2,2.436,1.3,7.11E-05,1.7,1.5,0.2,,0.2,0.2,0,2.98E-05,0,0.1,2.7,0.7,,,,1.1,9,8,9,6,7.7,4.9,6.047383576,0.5,2.7,5.2,1,4,3,2.7,3.1,2.4,3.2
Senegal,SEN,6.1,8.5,5.4,2.6,6.3,4.5,3.2,3.5,4.75,4,5.3,2.3,6.1,0,2.1,3.9,5.5,5.5,6.3,6.3,5.9,5.25,5.6,5.1,High,51,7.7,15.862,5.4,3.2,7.9,5.5,6.4,7.5,4.7,3.3,10,6.4,6.1,6.1,5.5,5.5,5.5,5.5,9.8,9.7,9.75,1,4.9,1.2,2.366666667,9.7,3.5,6.3,6.3,5.5,5,5.25,5.25,6.3,7.7,9.1,7,3.8,5.4,1374.97195,84.37293857,1.7,2.8,3.4,2.6,6.3,34.069,5.1,0.002090589,3.8,4.5,0.8,0.5,0.65,2.2,1.6,0.736703812,8.2,3.2,4.8,2.1,2.5,7,4.75,4,0.8,5.3,0.8,2,2.7,2.6,11.9461902,1.1,1.9,2.3,8,4.9,4.3,5.7,6.5,0,2.1
Serbia,SRB,2.3,1.3,1.6,1.8,1.5,4.7,0.2,2.8,0.4,2.2,1.9,5.4,6.1,8.8,7.3,5.2,5.5,5.5,2.4,2.4,4.1,4.05,4.1,3.7,Medium,119,2,4.81,0.3,2.4,0.2,1,6.3,0,5.6,0.4,2.2,2.9,2.3,2.3,6.1,4.8,5.5,5.5,2.2,3,2.6,0.7,1.4,,1.05,5.7,0.1,2.4,2.4,3.1,5,4.05,4.05,2.4,2,0.6,2.2,0.9,1.6,499.99973,56.99803174,1.1,1.5,2.8,1.8,1.5,31.199,5,0.003556565,4.4,4.7,0.2,0.1,0.15,0.3,,0,0,0.2,5.3,0.2,,0.4,0.4,2.2,5.9,5.4,5.9,0,3.8,6.5,75.46306883,7.5,7,5.4,0.4,5.3,8.8,4.8,7.3,8.8,7.3
Seychelles,SYC,3.8,2,5.5,1.1,2.7,0,0.2,3.7,,1.5,2.1,6.6,4.1,5.2,5.3,3.9,3.7,3.7,3.4,3.4,3.6,5.1,4.4,4,Medium,98,2,8.211,0,0.6,,0.3,7.7,3.4,5.7,,,5.6,3.8,3.8,3.4,4,3.7,3.7,7.6,5.6,6.6,0.3,0,,0.15,6.4,0.6,3.4,3.4,5.2,5,5.1,5.1,3.4,2,,,5.5,5.5,9.7,99.24187393,2,0.8,0.5,1.1,2.7,0,0,0,0,0,,,,0.3,,0,0,0.2,6.8,0.5,,,,1.5,4.1,3.9,4.1,4,4,10,82.60869565,8.2,9.1,6.6,0.9,0.8,1.6,1.1,7,5.2,5.3
Sierra Leone,SLE,7.1,9.2,5.5,3.7,6.9,0.9,7,6.1,7.05,5.7,6.3,4,6.2,0.4,2.8,4.8,7,7,8.1,8.1,7.6,5.6,6.7,6.1,High,15,9.2,14.684,9.4,6.5,8.1,8,6.8,6.3,4.2,6.6,9.7,6.7,7.1,7.1,6.7,7.3,7,7,9.9,9.6,9.75,1.5,7.5,1.5,3.5,9.3,10,8.1,8.1,6.2,5,5.6,5.6,8.1,9.2,9.2,8.6,2.3,5.5,625.54531,80.06255434,1.6,8.9,0.5,3.7,6.9,0.592,0,7.58E-05,1.7,0.9,3.4,2.4,2.9,5.5,9.5,0.896028737,10,7,5.3,6.9,6.3,7.8,7.05,5.7,,,,4,4,5.9,20.94387043,2,4,4,8.9,5.7,1.8,5.5,6.9,0.4,2.8
Singapore,SGP,4,0,0.9,0,0.2,0,0.4,1.7,5.1,2.1,1.2,8,1.4,6.8,5.8,3.9,1,1,1.8,1.8,1.4,0.45,0.9,2.4,Low,178,0,4.306,0,0,,0,10,0.9,10,,3.2,6,4,4,1.5,0.5,1,1,4.2,7.1,5.65,0.5,1.5,2.7,1.566666667,0,0.1,1.8,1.8,0.9,0,0.45,0.45,1.8,0,,0.9,,0.9,-0.5,-0.086142394,0,,,0,0.2,0,0,0,0,0,0.3,0.4,0.35,0.9,,0.000464308,0,0.4,3.3,0,,5.1,5.1,2.1,9,7.9,9,8,8.3,5.2,800,10,7.6,8,0.6,2.6,2.1,1.8,1,6.8,5.8
Slovakia,SVK,2.5,0.9,1.5,0.4,0.9,1.1,0.1,2.3,1.05,1.2,1.1,6.3,7.2,8,7.4,5,4.3,4.3,1.7,1.7,3.1,2.8,3,3.3,Low,146,0.9,5.202,0.2,0,,0.1,6.8,0.2,5.4,,2.2,3.7,2.5,2.5,5,3.6,4.3,4.3,3.8,2.8,3.3,0.5,0.3,0.5,0.433333333,2.8,0.1,1.7,1.7,3.1,2.5,2.8,2.8,1.7,0.9,,2.5,0.4,1.5,0,0,0,,0.7,0.4,0.9,0.966,0,0.00017702,2.1,1.1,0.2,0.1,0.15,0.1,,1.65E-06,0,0.1,4.5,0,1.6,0.5,1.05,1.2,,5.8,,8,6.9,1.2,174.6797538,10,5.6,6.3,,3.4,8.9,6.2,8.1,8,7.4
Slovenia,SVN,2,0,0.5,0.2,0.2,1.4,0.1,1.6,1.05,1.1,0.7,6.5,6.1,9.2,7.8,5.2,3.4,3.4,1.8,1.8,2.6,0.9,1.8,2.7,Low,173,0,4.949,0.1,0.1,,0.1,6.7,1.1,5.5,0.4,1.2,3,2,2,4,2.7,3.4,3.4,2.5,4.4,3.45,0.8,0.8,7.5,3.033333333,0.8,0.1,1.8,1.8,1.8,0,0.9,0.9,1.8,0,,0.9,0.1,0.5,0,0,0,,0.4,0.2,0.2,1.012,0,0.000486854,2.7,1.4,0.2,0.2,0.2,0.1,,5.77E-06,0,0.1,3.2,0,0.2,1.9,1.05,1.1,5.1,6.4,5.1,6,5.8,4.3,178.7487587,10,7.2,6.5,0.1,4.2,9.8,4.7,7.5,9.2,7.8
Solomon Islands,SLB,5.7,6.9,3,6.7,5.9,0,4.8,2.8,9.3,5.4,5.7,2.4,5.2,2.8,3.3,4.6,6.5,6.5,5.5,5.5,6,7.05,6.6,5.6,High,37,6.9,15.22,7.4,5.4,6.4,6.4,4.6,9.2,2.4,,,5.4,5.7,5.7,5.8,7.1,6.5,6.5,9.5,8.4,8.95,0.8,,3.1,1.95,9.8,1.2,5.5,5.5,6.6,7.5,7.05,7.05,5.5,6.9,,,3,3,332.53832,496.4584867,9.9,9.7,0.5,6.7,5.9,0.004,0,5.97E-06,0,0,,,,1.4,4.3,0.791289016,8.8,4.8,4.3,1.3,9.3,,9.3,5.4,4.1,1,4.1,2,2.4,4.3,3.572704537,0.3,2.3,2.4,4.5,6.5,4.6,5.2,,2.8,3.3
Somalia,SOM,6.9,8.7,,10,9.1,10,2,6.4,9.5,8.2,8.7,1.9,8.5,0,2.6,6.6,9.3,9.3,9.5,9.5,9.4,7.2,8.5,7.3,Very High,2,8.7,17.802,6.9,7.9,9,7.9,4.6,8.3,4.5,8.2,,6.4,6.9,6.9,9.1,9.4,9.3,9.3,9.9,9,9.45,9.7,,,9.7,,9.2,9.5,9.5,6.9,7.5,7.2,7.2,9.5,8.7,,,,,26447.78186,1712.616904,10,10,,10,9.1,2768.646,10,0.179282708,10,10,0.8,0.1,0.45,4.8,0.9,0.163985392,1.8,2,7.5,5.2,,9.5,9.5,8.2,0,,0,2,1,2.6,30.28660694,3,2.8,1.9,,7.6,9.3,8.5,,0,2.6
South Africa,ZAF,4.1,4.6,7.6,0.3,4.3,6.6,6,1.9,7.6,5.9,5.2,5.5,5.2,5.6,5.5,5.4,5,5,5.3,5.3,5.2,4.2,4.7,4.7,Medium,67,3.9,9.88,2.7,1.2,5.6,3.2,5.6,4.2,6.6,2.9,3.5,4.6,4.1,4.1,5.6,4.3,5,5,7.7,6.6,7.15,5.6,6.6,6.6,6.266666667,6.5,1.3,5.3,5.3,3.4,5,4.2,4.2,5.3,3.9,5.2,5.6,9.5,7.6,1552.51546,26.51231909,0.5,0.2,0.1,0.3,4.3,306.9,8.3,0.005240934,4.8,6.6,10,10,10,10,0.1,0.330177497,3.7,6,3.3,0.4,,7.6,7.6,5.9,8.4,7.5,8.4,6,7.3,5,24.73023436,2.4,3.7,5.5,2.7,2.1,1.5,2.1,8.3,5.6,5.5
South Sudan,SSD,7.3,9.9,5.3,7.7,8.2,10,5.4,8.1,,8.4,8.3,2.6,8.3,0,2.7,6.2,9.4,9.4,10,10,9.7,6.8,8.6,7.3,Very High,2,9.7,15.348,9.9,9.9,,9.9,4.1,4,2,10,9.9,6,7.3,7.3,8.8,9.9,9.4,9.4,,,,10,,,10,9.9,10,10,10,6.1,7.5,6.8,6.8,10,9.7,10,,5.3,5.3,32180.27251,2909.052692,10,10,3.2,7.7,8.2,2096.532,10,0.18952363,10,10,5.4,6.7,6.05,2.7,3.5,0.858807186,9.5,5.4,7.5,8.6,,,,8.4,,,,2,2,5.7,6.052808426,0.5,3.1,2.6,9.7,8.5,6.8,8.3,,0,2.7
Spain,ESP,2.5,0.1,1.9,0.1,0.6,5.3,0.3,1.4,0.65,2.2,1.4,8.1,5.9,8.4,7.7,5.4,3.4,3.4,1,1,2.3,0.8,1.6,2.8,Low,168,0.1,4.314,0,0,,0,6.6,1.2,8,0.9,1.7,3.7,2.5,2.5,3.8,3,3.4,3.4,0,6.4,3.2,0.2,1,,0.6,0,0,1,1,1.6,0,0.8,0.8,1,0.1,,1,2.8,1.9,-0.46838,-0.010021657,0,,0.1,0.1,0.6,99.142,6.7,0.002121284,3.8,5.3,0.8,0.6,0.7,0.2,,6.76E-06,0,0.3,2.7,0,0.2,1.1,0.65,2.2,9.8,9.8,9.8,8,9.2,3.7,144.3464314,10,6.9,8.1,0.3,4.3,7.2,3.9,7.9,8.4,7.7
Sri Lanka,LKA,3.4,2.4,4.4,1,2.6,4.5,0.4,3,6.6,4,3.3,5.3,5.6,5.6,5.5,4.5,5.9,5.9,3.9,3.9,5,5.2,5.1,4.3,Medium,80,2.4,7.867,0.5,1.8,,1.2,8.5,3.1,1.8,,,4.5,3.4,3.4,6.2,5.5,5.9,5.9,7.6,5.7,6.65,0,0,,0,8.5,0.4,3.9,3.9,5.4,5,5.2,5.2,3.9,2.4,,5.1,3.7,4.4,337.84323,15.8435305,0.3,0,2.6,1,2.6,39.963,5.3,0.001874109,3.7,4.5,0.2,0.1,0.15,1.2,0,0.008797146,0.1,0.4,4.7,1.3,,6.6,6.6,4,6.9,5.8,6.9,6,6.2,4.6,41.46069207,4.1,4.4,5.3,1.7,2.9,5.5,3.4,7.7,5.6,5.5
Sudan,SDN,6.8,8.6,5.1,3.3,6.4,9.6,1.4,5.1,4.2,6.1,6.3,3.5,6.9,1.2,3.2,4.9,8.3,8.3,5.9,5.9,7.3,4.25,6,5.8,High,27,7.9,14.589,7,6.6,7.7,7.1,4.2,6.4,3.5,10,9,6.6,6.8,6.8,8.4,8.2,8.3,8.3,9,9.1,9.05,0.7,4.6,0.7,2,9.2,3.3,5.9,5.9,3.5,5,4.25,4.25,5.9,7.9,9.1,7.5,2.6,5.1,16878.16537,394.2277331,7.9,1.7,0.3,3.3,6.4,3154.971,10,0.073691485,9.2,9.6,0.4,0.7,0.55,1.4,0.9,0.257662204,2.9,1.4,5.2,5,,4.2,4.2,6.1,3.6,4.8,3.6,2,3.5,6.9,2.104377104,0.1,3.5,3.5,6.9,6.6,7.1,6.9,,1.2,3.2
Suriname,SUR,2.5,4.9,6.2,0.2,4.1,1.3,1.1,3,,1.8,3,4,5.1,4,4.3,3.7,6,6,5.3,5.3,5.7,3.85,4.8,3.5,Medium,136,3.5,9.022,1.7,0.8,3.2,1.9,1.9,2,6.6,0.7,,2.8,2.5,2.5,5.6,6.3,6,6,6.9,6.2,6.55,3.1,9.3,,6.2,7.1,1.3,5.3,5.3,2.7,5,3.85,3.85,5.3,3.5,6,6.2,,6.2,8.29,14.2595934,0.3,0.3,0,0.2,4.1,0.255,0,0.000438624,2.6,1.3,2.8,3.3,3.05,0.5,0,0.093688453,1,1.1,4.7,1.2,,,,1.8,3.6,3.6,3.6,10,5.7,4.3,4.358974359,0.3,2.3,4,1.2,3.6,0.4,1.7,8.4,4,4.3
Sweden,SWE,2.8,0,0.8,0.1,0.2,7.8,0.2,1.6,1.1,3.5,2,7.6,2.6,7.6,6.4,4.6,1.4,1.4,1,1,1.2,0.4,0.8,2.2,Low,182,0,5.955,0.1,0,,0.1,4.7,3.1,8.7,0,,4.1,2.8,2.8,1.5,1.3,1.4,1.4,0,6.8,3.4,0.3,0.7,0.5,0.5,0,0,1,1,0.8,0,0.4,0.4,1,0,,0.5,1.1,0.8,-110.55534,-11.01544768,0,,0.2,0.1,0.2,286.168,8.2,0.028513038,7.3,7.8,0.4,,0.4,0.1,,1.39E-05,0,0.2,3.2,0,1.1,1.1,1.1,3.5,,7.1,,10,8.6,5.6,73.11010382,7.3,6.5,7.6,,3.8,0.6,2.2,2.9,7.6,6.4
Switzerland,CHE,3.7,0,1.2,0.1,0.3,6.5,0.2,1.3,1.8,2.9,1.7,8.3,3.9,2.4,4.3,3.1,1.2,1.2,0.9,0.9,1.1,0,0.6,1.9,Very Low,189,0,5.225,0,0,,0,7.8,1.6,7.4,,,5.6,3.7,3.7,1.5,0.9,1.2,1.2,0,4.2,2.1,0.3,1.7,2.7,1.566666667,0,0.1,0.9,0.9,,0,0,0,0.9,0,,0.5,1.8,1.2,-22.17343,-2.580898416,0,,0.1,0.1,0.3,118.834,6.9,0.013831802,6.1,6.5,0.6,,0.6,0.1,,0,0,0.2,2.5,0,,1.8,1.8,2.9,8.7,7.5,8.7,,8.1,6.9,400,10,8.5,8.3,,3.8,6.8,5.3,2.4,2.4,4.3
Syria,SYR,2.9,6.3,7.3,10,7.5,10,0.5,5.6,,7.1,7.3,4.6,6.3,0.8,3.1,5.6,8.5,8.5,6.3,6.3,7.6,5,6.5,4.7,Medium,67,7,10.699,1,0.5,2.9,1.5,6.5,0.6,5.4,1.7,,3.6,2.9,2.9,8.7,8.3,8.5,8.5,7,8.2,7.6,8.6,6.8,,7.7,9.6,0.3,6.3,6.3,2.5,7.5,5,5,6.3,7,5.4,7.3,,7.3,60966.48289,3571.529669,10,,,10,7.5,7010.56,10,0.41069161,10,10,0.2,,0.2,0.3,0,0.112770071,1.3,0.5,3.1,8,,,,7.1,0.6,,0.6,8,4.3,6.1,35.39726624,3.5,4.8,4.6,,5.1,8,6.6,5.9,0.8,3.1
Tajikistan,TJK,4.3,5.2,3.7,4.5,4.7,2,1.4,4,5.8,3.5,4.1,2.8,4.5,0.8,2.2,3.2,7.4,7.4,3.7,3.7,5.9,5.85,5.9,4.3,Medium,80,4.9,14.449,0.3,3.1,2.7,2,6.1,6,2.7,2.9,10,5.5,4.3,4.3,7.5,7.2,7.4,7.4,5.7,4.1,4.9,0.5,0.2,,0.35,9.5,0.2,3.7,3.7,4.2,7.5,5.85,5.85,3.7,4.9,5.4,5,2.3,3.7,318.43384,34.16297117,0.7,3,9.7,4.5,4.7,2.972,1.6,0.000318849,2.4,2,0.6,0.8,0.7,1.5,0,0.305215211,3.4,1.4,7.7,0.2,4.1,7.5,5.8,3.5,4.2,4.1,4.2,2,3.4,3.4,10.00285796,0.9,2.2,2.8,0,4.5,8.7,4.4,4.6,0.8,2.2
Tanzania,TZA,6.4,8.3,5.2,1.5,5.8,6.5,5.3,7.1,6.85,6.5,6.2,4.1,5.5,0,2.4,4.6,6.4,6.4,6.6,6.6,6.5,5.15,5.9,5.6,High,37,7.4,16.426,7.8,7.2,5.2,6.7,6,10,3.4,4.6,7.1,6.2,6.4,6.4,6.3,6.5,6.4,6.4,9.9,9.2,9.55,0.3,3.4,0.3,1.333333333,9.8,5.8,6.6,6.6,5.3,5,5.15,5.15,6.6,7.4,9,7.2,3.2,5.2,3913.86482,67.4740749,1.3,2.9,0.2,1.5,5.8,284.532,8.2,0.004905262,4.7,6.5,9.4,7.4,8.4,4.9,2.8,0.460463593,5.1,5.3,5.6,8.6,6.5,7.2,6.85,6.5,5.4,5.3,5.4,4,4.9,5.8,8.128245654,0.7,3.3,4.1,4.3,6.3,4.7,5.1,5.9,0,2.4
Thailand,THA,3.2,2.3,4,0.2,2.2,5.5,1.3,2.7,1,2.8,2.5,6.7,4.9,6.8,6.3,4.7,5.4,5.4,4.1,4.1,4.8,2.3,3.7,3.8,Medium,112,2.7,5.239,0.1,0,0.9,0.3,7.1,3.7,5,2.7,,4.6,3.2,3.2,6.4,4.3,5.4,5.4,8,7.5,7.75,0,0.7,,0.35,8,0.4,4.1,4.1,2.1,2.5,2.3,2.3,4.1,2.7,1.8,5,2.9,4,164.29562,2.359701961,0,0,0.5,0.2,2.2,144.189,7.2,0.00207092,3.8,5.5,2.2,,2.2,2.8,0,0.0007665,0,1.3,4.5,0.9,,1,1,2.8,9.7,8.9,9.7,6,8.2,5.9,45.01947582,4.4,5.2,6.7,1.5,1,2.8,1.8,7.9,6.8,6.3
Timor-Leste,TLS,5.6,7.4,0.9,4.1,5,0,6.4,6.5,8.8,6.3,5.7,4.1,6.3,1.2,3.2,4.6,6.6,6.6,5.7,5.7,6.2,6.55,6.4,5.5,High,42,5.5,13.461,5.2,3.6,7.2,5.3,6.4,6.3,3.1,3.8,9.6,5.8,5.6,5.6,6.2,7,6.6,6.6,8.2,2.7,5.45,3.9,8.3,,6.1,9.8,1.6,5.7,5.7,5.6,7.5,6.55,6.55,5.7,5.5,8.6,,0.9,0.9,352.85773,272.8731518,5.5,5.7,1.2,4.1,5,0,0,0,0,0,,,,9.1,0,0.989813784,10,6.4,6.3,6.6,7.6,10,8.8,6.3,,2.2,,8,5.1,4.3,19.50235373,1.9,3.1,4.1,5.9,4.3,7.5,5.9,6.7,1.2,3.2
Togo,TGO,6.8,8.4,6,2.4,6.3,3.7,5.3,4.3,3.1,4.1,5.3,4.6,7.2,0.4,3.2,4.3,7.1,7.1,6.3,6.3,6.7,7.15,6.9,5.9,High,22,7.7,14.898,9.3,5.8,9,8,7.2,7.5,4.2,5.9,6.4,6.2,6.8,6.8,7.1,7.1,7.1,7.1,9.9,9.2,9.55,1.5,,1.5,1.5,9.8,4.4,6.3,6.3,6.8,7.5,7.15,7.15,6.3,7.7,8.9,7.5,4.5,6,215.75378,26.69440692,0.5,3.7,3.1,2.4,6.3,12.786,3.7,0.001581964,3.6,3.7,4.2,3.3,3.75,0.7,9.3,0.66516496,7.4,5.3,4.9,3.7,2.7,3.5,3.1,4.1,4.4,4.2,4.4,4,4.2,7.4,23.90145247,2.3,4.9,4.6,6.5,6.3,8.8,7.2,,0.4,3.2
Tonga,TON,2.7,3.7,4.4,10,5.5,0,2.1,4.2,4.1,2.8,4.3,3.7,3.7,4.8,4.3,4.3,4.7,4.7,5.3,5.3,5,5.9,5.5,4,Medium,98,3.7,11.714,0.7,0,,0.4,7.2,2,2.3,,,3.8,2.7,2.7,,4.7,4.7,4.7,8.7,,8.7,3.1,2.4,,2.75,9.1,0.6,5.3,5.3,4.3,7.5,5.9,5.9,5.3,3.7,,5.6,3.2,4.4,257.65487,2465.667627,10,10,10,10,5.5,0,0,0,0,0,,,,0.2,,0.355330775,3.9,2.1,8.4,0,4.1,,4.1,2.8,,2,,0,1,2.5,100,10,6.3,3.7,0.1,4.9,6,3.7,,4.8,4.3
Trinidad and Tobago,TTO,2.6,1.7,4.3,0.7,2.1,4.4,0.8,1.6,1.2,2.1,2.1,6.5,5.1,6.8,6.3,4.5,5.3,5.3,2.8,2.8,4.2,5.05,4.6,3.8,Medium,112,2,6.473,0.7,0.3,1.1,0.7,8.1,0.8,5.3,0.6,3.2,3.6,2.6,2.6,6,4.6,5.3,5.3,3.3,6.3,4.8,1.7,5.8,1,2.833333333,2.8,0.7,2.8,2.8,5.1,5,5.05,5.05,2.8,2,1.4,4.3,,4.3,79.59453,57.05827871,1.1,,0.2,0.7,2.1,10.733,3.4,0.007694078,5.3,4.4,2.4,1.4,1.9,0.3,,0.013065523,0.1,0.8,2.9,0.2,1.3,1.1,1.2,2.1,6,4,6,4,4.7,6.6,173.4892788,10,8.3,6.5,0.3,3,2.7,2,8.2,6.8,6.3
Tunisia,TUN,3.3,3,3,1.5,2.6,1.2,0.3,0.4,2.3,1.1,1.9,5.4,5.5,4.4,4.9,3.5,5.5,5.5,3.8,3.8,4.7,4.2,4.5,3.7,Medium,119,3.2,8.716,1,0.6,2.1,1.2,6.2,3.2,6.9,0.9,,4.3,3.3,3.3,5.7,5.2,5.5,5.5,6.8,7.2,7,0.2,0.3,,0.25,7.4,0.5,3.8,3.8,3.4,5,4.2,4.2,3.8,3.2,2.7,4,2,3,862.74805,73.77243544,1.5,1.4,1.6,1.5,2.6,1.322,0.4,0.000113042,1.9,1.2,0.2,0.2,0.2,0.6,,0.000410442,0,0.3,0.8,0,,2.3,2.3,1.1,6.6,7.1,6.6,4,5.9,6.3,35.40164779,3.5,4.9,5.4,4.1,3.7,4.5,4.1,6.8,4.4,4.9
Turkey,TUR,3.4,1.9,4.2,2.4,2.6,9.4,0.1,0,1.9,4.5,3.6,7.6,5,4.4,5.4,4.6,5.6,5.6,3.5,3.5,4.6,2.6,3.7,3.9,Medium,104,1.9,7.98,0.3,0.2,,0.3,6.8,4.3,7.5,0.9,,4.9,3.4,3.4,6.1,5,5.6,5.6,5.6,6.8,6.2,0.5,2.2,0.5,1.066666667,6.5,0.2,3.5,3.5,2.7,2.5,2.6,2.6,3.5,1.9,,4.1,4.2,4.2,30077.97962,360.5192533,7.2,0.1,0,2.4,2.6,5056.17,10,0.060604025,8.8,9.4,,,,0.3,0,0,0,0.1,0,0,2.3,1.5,1.9,4.5,10,8.9,10,10,9.6,5.8,51.973026,5.1,5.5,7.6,0.8,5.3,3.5,3.2,6.8,4.4,5.4
Turkmenistan,TKM,3.1,2.3,,0,1.5,0,0.3,2,3.2,1.5,1.5,4.5,3.4,2.4,3.2,2.4,7.6,7.6,2.3,2.3,5.5,4.15,4.9,3.3,Low,146,3.8,11.37,0.1,0.2,0,0.1,3.7,4.9,5.2,,,4.6,3.1,3.1,8.1,7.1,7.6,7.6,4.4,0.8,2.6,0,0,,0,6.4,0.1,2.3,2.3,3.3,5,4.15,4.15,2.3,3.8,0.6,,,,11.31,1.903369418,0,0,0,0,1.5,0.022,0,3.70E-06,0,0,,,,0.8,0,3.06E-05,0,0.3,3.9,0.1,,3.2,3.2,1.5,6,,6,6,6,5.5,4.255953014,0.3,2.9,4.5,0.1,1.9,8.2,3.4,,2.4,3.2
Tuvalu,TUV,4.8,4.6,3.5,7.7,5.1,0,7.2,4.2,5.5,4.7,4.9,3.2,6,,4.6,4.8,6.4,6.4,4.7,4.7,5.6,6.05,5.8,5.1,High,51,4.6,,1.8,0.1,,1,8.6,5.2,6.2,,,6.7,4.8,4.8,,6.4,6.4,6.4,7.7,3,5.35,0.5,0.8,,0.65,8.1,,4.7,4.7,4.6,7.5,6.05,6.05,4.7,4.6,,,3.5,3.5,25.95746,2227.152295,10,10,3.2,7.7,5.1,0,0,0,0,0,,,,4.3,,0.925096525,10,7.2,8.4,0,5.5,,5.5,4.7,,0,,2,1,0.8,156.6666667,10,5.4,3.2,,6.6,5.4,6,,,4.6
Uganda,UGA,7.1,8.3,5.8,3.4,6.5,8.8,5.9,8.7,6.9,7.8,7.2,3.2,7.2,0,2.6,5.3,6.7,6.7,6.6,6.6,6.7,4.95,5.9,6.1,High,15,7.4,17.361,9.1,8.5,7.9,8.5,7.8,10,2.4,5.3,6.3,6.4,7.1,7.1,7.2,6.2,6.7,6.7,9.8,9.5,9.65,2.4,,3.1,2.75,9.8,4.2,6.6,6.6,4.9,5,4.95,4.95,6.6,7.4,9,7.1,4.5,5.8,8698.91833,196.498746,3.9,4.9,1.5,3.4,6.5,1451.624,10,0.032790548,7.5,8.8,10,8.4,9.2,3.7,5,0.51681397,5.7,5.9,7.3,10,6.6,7.2,6.9,7.8,0.8,5.4,0.8,2,2.7,5.1,23.02187078,2.2,3.7,3.2,4.6,7.3,7.8,6.6,7.8,0,2.6
Ukraine,UKR,2.4,1.6,1.9,2.2,1.8,8.1,1.1,2.1,1.2,3.9,2.9,6,5.2,8.8,7.2,5.4,6.4,6.4,3.8,3.8,5.2,5,5.1,4,Medium,98,3,4.964,0.4,1,,0.7,6.3,0,6.9,2.1,1.1,3.3,2.4,2.4,7,5.8,6.4,6.4,2.5,0,1.25,8.3,2.5,,5.4,8.4,0.2,3.8,3.8,2.5,7.5,5,5,3.8,3,0,3.8,0,1.9,5029.76714,114.3294075,2.3,0.6,3.7,2.2,1.8,809.034,9.7,0.018389793,6.5,8.1,1.8,1.8,1.8,1.5,,0,0,1.1,4.1,0,2.1,0.3,1.2,3.9,7.2,7.9,7.2,2,5.7,5.1,74.22495339,7.4,6.3,6,0,3.7,4.7,2.8,7.5,8.8,7.2
United Arab Emirates,ARE,4.4,0.7,1.5,0,0.7,3,0,1.5,,1.6,1.2,7.3,0.8,2.8,3.4,2.4,2.5,2.5,2,2,2.3,0.25,1.3,2.4,Low,178,0.7,5.125,0.2,0.3,,0.3,7.1,3.6,8.7,,,6.5,4.4,4.4,2.9,2.1,2.5,2.5,4,8.7,6.35,0.3,0,0.5,0.266666667,1.5,0,2,2,0.5,0,0.25,0.25,2,0.7,,1.5,,1.5,0.3,0.030704591,0,,,0,0.7,7.67,2.9,0.000785014,3,3,,,,0,0,0,0,0,2.9,0,,,,1.6,10,,10,8,9,6.2,47.84688995,4.7,5.5,7.3,,0,0.5,0.3,1.2,2.8,3.4
United Kingdom,GBR,3.2,0,1.9,0.1,0.5,5.8,0.3,1,1.1,2.4,1.5,7.6,3,7.6,6.5,4.5,2.3,2.3,1.6,1.6,2,0.35,1.2,2.6,Low,175,0,5.851,0.1,0,,0.1,8.1,1.9,8.3,,0.9,4.8,3.2,3.2,2.3,2.3,2.3,2.3,3,6.6,4.8,0.8,1.9,1.2,1.3,0,0.1,1.6,1.6,0.7,0,0.35,0.35,1.6,0,,1.6,2.1,1.9,-3.74601,-0.055471658,0,,0.1,0.1,0.5,171.964,7.5,0.002546477,4,5.8,0.6,,0.6,0.2,,7.00E-06,0,0.3,2,0,1.1,1.1,1.1,2.4,10,8.9,10,4,7.6,4.9,268.6727566,10,7.5,7.6,,4.2,0.5,2.4,3.6,7.6,6.5
United States of America,USA,2.8,0,3.3,0,0.8,7.1,0.1,0.2,1.3,2.8,1.9,7.3,3.3,6.8,6.1,4.3,2.5,2.5,1.5,1.5,2,0.45,1.3,2.5,Low,177,0,5.958,0,0.1,,0.1,5.2,1.7,8.2,,1.4,4.1,2.8,2.8,3.1,1.8,2.5,2.5,3.5,6.5,5,0.7,0.8,1,0.833333333,0,0.2,1.5,1.5,0.9,0,0.45,0.45,1.5,0,,2.4,4.1,3.3,-92.51702,-0.281151272,0,,0,0,0.8,1032.235,10,0.003136873,4.2,7.1,,,,0.1,,1.64E-06,0,0.1,0.3,0,,1.3,1.3,2.8,10,9.7,10,8,9.2,3.6,72.1514919,7.2,5.4,7.3,,3.6,2.4,3,3.6,6.8,6.1
Uruguay,URY,2.9,1.8,3.7,0.1,1.9,3.3,0.6,1.3,0.2,1.4,1.7,5.5,3.3,6,5.2,3.7,3.4,3.4,2,2,2.7,3.25,3,3.2,Low,153,1.8,6.87,0.4,0.1,,0.3,4.3,0.9,9.5,,2,4.2,2.9,2.9,2.9,3.9,3.4,3.4,0,6.6,3.3,0.7,1.2,0.8,0.9,3.5,0.2,2,2,1.5,5,3.25,3.25,2,1.8,,3.7,3.6,3.7,40.204,11.6138429,0.2,0.1,0.1,0.1,1.9,6.816,2.8,0.001968957,3.8,3.3,1.2,1.3,1.25,0.6,,1.44E-06,0,0.6,2.5,0,0.4,0,0.2,1.4,,6.4,,8,7.2,4.2,33.13906982,3.2,3.7,5.5,0.3,2.6,3.4,2.1,4.4,6,5.2
Uzbekistan,UZB,3.5,3.8,4,2,3.4,0,0.6,2.4,5.1,2.3,2.9,4.1,4,2.8,3.4,3.2,6.8,6.8,3.4,3.4,5.3,6.55,6,4.1,Medium,91,3.8,10.414,0,0.4,,0.2,6.3,3.2,5,5.8,,5.1,3.5,3.5,7.5,6.1,6.8,6.8,4.1,5.1,4.6,0,0,0,0,8.8,0.3,3.4,3.4,5.6,7.5,6.55,6.55,3.4,3.8,,4,,4,593.7175,18.00141381,0.4,0.7,5,2,3.4,0.018,0,5.46E-07,0,0,0.4,1.2,0.8,1.3,0,0.012308365,0.1,0.6,4.4,0.4,,5.1,5.1,2.3,6.2,6.1,6.2,0,4.1,6.1,19.04090268,1.8,4,4.1,0,6.6,5.3,4,,2.8,3.4
Vanuatu,VUT,4.7,7.4,3.2,6.7,6.2,0,3.7,1.8,9.8,5.5,5.9,1.7,5.4,3.2,3.4,4.8,5.7,5.7,5.7,5.7,5.7,7.05,6.4,5.2,High,48,6.1,13.793,7.3,1.5,7.5,5.4,4.6,5.8,2.5,,,4.3,4.7,4.7,5.4,6,5.7,5.7,9.6,,9.6,2.4,,,2.4,9.8,0.8,5.7,5.7,6.6,7.5,7.05,7.05,5.7,6.1,8.3,,3.2,3.2,230.86901,769.8661807,10,8.9,1.3,6.7,6.2,0.001,0,3.33E-06,0,0,,,,0.9,0.2,0.926057583,10,3.7,2.9,0.7,9.8,,9.8,5.5,3.9,2.6,3.9,2,2.8,0.4,8.203445447,0.7,0.6,1.7,2.6,5.9,7.6,5.4,,3.2,3.4
Venezuela,VEN,3.2,3.5,6.1,0.6,3.4,5,1.2,6.1,,4.4,3.9,4.7,6.4,3.2,4.4,4.2,8.3,8.3,6,6,7.3,5.4,6.4,4.4,Medium,77,3.5,8.484,0.7,0.7,,0.7,5,0,8.8,3.9,,4.4,3.2,3.2,8.4,8.2,8.3,8.3,,9.1,9.1,2.5,6.8,10,6.433333333,7,1.4,6,6,3.3,7.5,5.4,5.4,6,3.5,,6.1,,6.1,2412.84982,84.61440206,1.7,0,0,0.6,3.4,67.434,6.1,0.002364792,3.9,5,1.2,,1.2,0.8,1.2,0.156225092,1.7,1.2,6.8,5.4,,,,4.4,5.8,4.1,5.8,8,6,5.9,7.936058047,0.7,3.3,4.7,0.6,6.6,4,3.7,9.1,3.2,4.4
Viet Nam,VNM,3.7,4.5,3.4,1.1,3.4,0,1,2.3,2.8,1.6,2.5,5.8,4.4,4,4.6,3.6,5.7,5.7,4.5,4.5,5.1,3.2,4.2,3.8,Medium,112,4.1,8.18,1.8,0.9,1.4,1.4,8.3,6,3.6,1.6,4.5,4.8,3.7,3.7,6.3,5,5.7,5.7,8,6.9,7.45,0.8,1,,0.9,9,0.5,4.5,4.5,3.9,2.5,3.2,3.2,4.5,4.1,4.8,4.2,2.6,3.4,2372.59506,24.5961353,0.5,0.5,2.2,1.1,3.4,0,0,0,0,0,0.8,,0.8,2.3,0,0.072090255,0.8,1,3.2,1.4,2.2,3.4,2.8,1.6,9.2,7.8,9.2,4,7,6.8,24.8331022,2.4,4.6,5.8,1.1,2.7,5.4,3.1,5.7,4,4.6
Yemen,YEM,6.3,8.8,6.5,5.3,7.4,10,1.2,9,6.1,7.8,7.6,2.7,7.9,0.8,3.1,5.8,9,9,6.8,6.8,8.1,6.15,7.2,6.4,High,9,8.7,14.055,4.5,6.1,5,5.2,5.8,8.2,3.7,6.3,10,6.8,6.3,6.3,8.5,9.5,9,9,9.2,9.2,9.2,5.3,9,5.3,6.533333333,9.7,1.8,6.8,6.8,4.8,7.5,6.15,6.15,6.8,8.7,8.8,10,2.9,6.5,95889.37443,3288.170596,10,1.9,4.1,5.3,7.4,4244.882,10,0.145562491,10,10,0.2,,0.2,0.9,1,0.251772465,2.8,1.2,7.9,10,,6.1,6.1,7.8,3.8,,3.8,4,3.9,2.5,4.166903423,0.3,1.4,2.7,,7.5,7.5,7.5,8.3,0.8,3.1
Zambia,ZMB,6.9,7.9,7.6,1.6,6.3,5.1,7.4,9,5.8,7.1,6.7,2.9,6.1,0.8,2.7,5,6.4,6.4,5.8,5.8,6.1,7.2,6.7,6.1,High,15,6.2,16.245,8.2,6.7,8.6,7.8,4.6,8.3,4.4,7,7.8,6.4,6.9,6.9,6.6,6.1,6.4,6.4,9.8,7.6,8.7,0.8,5.9,0.8,2.5,9.6,2.4,5.8,5.8,6.9,7.5,7.2,7.2,5.8,6.2,9,7.2,8,7.6,1858.05138,104.0282091,2.1,2.5,0.1,1.6,6.3,59.051,5.9,0.003306136,4.3,5.1,10,10,10,6.6,5.1,0.707424889,7.9,7.4,7.9,10,5.8,5.8,5.8,7.1,0,5.1,0,2,2.4,6.4,4.170085689,0.3,3.4,2.9,2.7,5.7,7.4,5.3,6.9,0.8,2.7
Zimbabwe,ZWE,4.8,7.3,5.8,3.3,5.9,4.1,6.1,9.4,4.55,6.7,6.3,3.9,7.1,2.4,4,5.3,7.5,7.5,6.5,6.5,7,4.75,6,5.3,High,45,6.7,14.599,7.1,6,6.3,6.5,5.2,2.6,3.2,3.1,5.2,3.9,4.8,4.8,7.6,7.4,7.5,7.5,9.8,8,8.9,1.7,3.6,1.7,2.333333333,9.5,5.1,6.5,6.5,4.5,5,4.75,4.75,6.5,6.7,7.9,7,4.6,5.8,4609.51852,314.7401603,6.3,1.7,2,3.3,5.9,22.861,4.5,0.00156096,3.6,4.1,10,10,10,4,2.4,0.727925483,8.1,6.1,8.7,10,4.3,4.8,4.55,6.7,3.6,6,3.6,2,3.9,6.4,12.66640817,1.2,3.8,3.9,2.3,5.7,7.7,5.2,9,2.4,4
